"film_title","category","total_rental_revenue","total_rentals","average_revenue_per_rental","last_rental_date"
"Ridgemont Submarine","New",110.72,28,3.95,"2006-02-01 00:00:00"
"Titanic Boondock","Animation",149.78,22,6.81,"2006-02-01 00:00:00"
"Enough Raging","Travel",51.84,16,3.24,"2006-02-01 00:00:00"
"Patriot Roman","Action",52.85,15,3.52,"2005-08-01 00:00:00"
"Maguire Apache","Family",33.91,9,3.77,"2005-08-01 00:00:00"
"Kwai Homeward","Drama",42.80,20,2.14,"2005-08-01 00:00:00"
"Mine Titans","New",138.83,17,8.17,"2005-08-01 00:00:00"
"Women Dorado","Action",38.81,20,1.94,"2006-02-01 00:00:00"
"Finding Anaconda","Family",26.90,10,2.69,"2005-08-01 00:00:00"
"Wrath Mile","Documentary",22.87,13,1.76,"2005-08-01 00:00:00"
"Handicap Boondock","Action",50.76,24,2.12,"2005-08-01 00:00:00"
"Pond Seattle","Animation",61.82,18,3.43,"2005-08-01 00:00:00"
"Goldmine Tycoon","Sci-Fi",43.76,24,1.82,"2005-08-01 00:00:00"
"Streak Ridgemont","Documentary",17.87,13,1.37,"2006-02-01 00:00:00"
"Guys Falcon","Sci-Fi",52.92,8,6.62,"2005-08-01 00:00:00"
"Center Dinosaur","Classics",121.79,21,5.80,"2006-02-01 00:00:00"
"Yentl Idaho","Horror",122.79,21,5.85,"2005-08-01 00:00:00"
"Heavenly Gun","Music",32.94,6,5.49,"2005-08-01 00:00:00"
"Sense Greek","Sports",47.93,7,6.85,"2005-08-01 00:00:00"
"Fatal Haunted","New",92.77,23,4.03,"2005-08-01 00:00:00"
"Spirited Casualties","Sci-Fi",18.90,10,1.89,"2005-08-01 00:00:00"
"Frost Head","Classics",74.72,28,2.67,"2006-02-01 00:00:00"
"Legally Secretary","Children",39.92,8,4.99,"2005-08-01 00:00:00"
"Opus Ice","Foreign",60.90,10,6.09,"2005-08-01 00:00:00"
"Married Go","Sci-Fi",84.74,26,3.26,"2005-08-01 00:00:00"
"Doctor Grail","Children",23.95,5,4.79,"2005-08-01 00:00:00"
"Christmas Moonshine","Children",26.81,19,1.41,"2005-08-01 00:00:00"
"Dares Pluto","Animation",26.92,8,3.37,"2005-08-01 00:00:00"
"Chasing Fight","Family",105.82,19,5.57,"2006-02-01 00:00:00"
"Noon Papi","Children",60.85,15,4.06,"2005-08-01 00:00:00"
"Lost Bird","Foreign",50.90,10,5.09,"2005-08-01 00:00:00"
"Packer Madigan","Animation",58.80,20,2.94,"2005-08-01 00:00:00"
"Panther Reds","Sci-Fi",83.86,14,5.99,"2005-08-01 00:00:00"
"Jericho Mulan","Games",95.84,16,5.99,"2005-08-01 00:00:00"
"Double Wrath","Animation",56.79,21,2.70,"2005-08-01 00:00:00"
"Lebowski Soldiers","Drama",62.82,18,3.49,"2005-08-01 00:00:00"
"Forward Temple","Games",102.74,26,3.95,"2005-08-01 00:00:00"
"Brooklyn Desert","Foreign",106.81,19,5.62,"2005-08-01 00:00:00"
"Arachnophobia Rollercoaster","Horror",109.77,23,4.77,"2005-08-01 00:00:00"
"Reservoir Adaptation","Foreign",29.91,9,3.32,"2005-08-01 00:00:00"
"Idaho Love","New",68.85,15,4.59,"2005-08-01 00:00:00"
"Divide Monster","Sci-Fi",61.80,20,3.09,"2005-08-01 00:00:00"
"Bowfinger Gables","Horror",56.89,11,5.17,"2005-08-01 00:00:00"
"High Encino","Horror",117.79,21,5.61,"2005-08-01 00:00:00"
"Life Twisted","Comedy",37.92,8,4.74,"2005-08-01 00:00:00"
"Flintstones Happiness","Comedy",134.83,17,7.93,"2005-08-01 00:00:00"
"Informer Double","Foreign",27.95,5,5.59,"2005-08-01 00:00:00"
"Ladybugs Armageddon","Games",17.94,6,2.99,"2005-08-01 00:00:00"
"Grit Clockwork","Games",97.72,28,3.49,"2005-08-01 00:00:00"
"Intolerable Intentions","Documentary",39.93,7,5.70,"2005-08-01 00:00:00"
"Room Roman","Animation",27.82,18,1.55,"2005-08-01 00:00:00"
"Born Spinal","Travel",59.88,12,4.99,"2005-08-01 00:00:00"
"Operation Operation","Comedy",80.75,25,3.23,"2006-02-01 00:00:00"
"Gables Metropolis","Family",47.83,17,2.81,"2006-02-01 00:00:00"
"Barbarella Streetcar","Sci-Fi",84.78,22,3.85,"2005-08-01 00:00:00"
"Queen Luke","Drama",128.79,21,6.13,"2006-02-01 00:00:00"
"Bonnie Holocaust","Documentary",31.85,15,2.12,"2005-08-01 00:00:00"
"Alaska Phantom","Music",37.77,23,1.64,"2005-08-01 00:00:00"
"Hours Rage","New",44.82,18,2.49,"2005-08-01 00:00:00"
"Satisfaction Confidential","Sports",122.84,16,7.68,"2005-08-01 00:00:00"
"Gold River","Comedy",94.86,14,6.78,"2005-08-01 00:00:00"
"Anonymous Human","Sports",17.87,13,1.37,"2005-08-01 00:00:00"
"Circus Youth","Children",53.86,14,3.85,"2005-08-01 00:00:00"
"Mummy Creatures","Sports",55.85,15,3.72,"2006-02-01 00:00:00"
"Orient Closer","Drama",80.83,17,4.75,"2005-08-01 00:00:00"
"Mission Zoolander","Animation",110.84,16,6.93,"2005-08-01 00:00:00"
"Connecticut Tramp","Sci-Fi",75.89,11,6.90,"2005-08-01 00:00:00"
"League Hellfighters","Classics",105.83,17,6.23,"2005-08-01 00:00:00"
"United Pilot","Documentary",43.85,15,2.92,"2005-08-01 00:00:00"
"Elephant Trojan","Horror",64.90,10,6.49,"2005-08-01 00:00:00"
"Breaking Home","New",41.90,10,4.19,"2005-08-01 00:00:00"
"Cheaper Clyde","Sci-Fi",30.83,17,1.81,"2005-08-01 00:00:00"
"Half Outfield","Family",73.79,22,3.35,"2006-02-01 00:00:00"
"Madness Attacks","Foreign",65.77,23,2.86,"2005-08-01 00:00:00"
"Lady Stage","Horror",113.84,16,7.12,"2006-02-01 00:00:00"
"Rage Games","Family",119.81,19,6.31,"2005-08-01 00:00:00"
"Innocent Usual","Foreign",191.74,26,7.37,"2005-08-01 00:00:00"
"Kiss Glory","Foreign",126.79,21,6.04,"2005-08-01 00:00:00"
"Casualties Encino","Action",61.92,8,7.74,"2005-08-01 00:00:00"
"Sons Interview","Animation",75.85,14,5.42,"2006-02-01 00:00:00"
"Pizza Jumanji","Games",25.94,6,4.32,"2005-08-01 00:00:00"
"Birdcage Casper","Music",23.91,9,2.66,"2005-08-01 00:00:00"
"Usual Untouchables","Foreign",65.88,12,5.49,"2005-08-01 00:00:00"
"Worst Banger","Action",66.85,15,4.46,"2005-08-01 00:00:00"
"Mourning Purple","Sci-Fi",39.81,19,2.10,"2005-08-01 00:00:00"
"Rugrats Shakespeare","Action",67.72,28,2.42,"2005-08-01 00:00:00"
"World Leathernecks","Horror",24.92,8,3.12,"2006-02-01 00:00:00"
"Homicide Peach","Family",59.82,18,3.32,"2005-08-01 00:00:00"
"Falcon Volume","Animation",106.81,18,5.93,"2006-02-01 00:00:00"
"Bright Encounters","Drama",87.88,12,7.32,"2005-08-01 00:00:00"
"Celebrity Horn","Action",28.79,21,1.37,"2005-08-01 00:00:00"
"Shakespeare Saddle","Sports",76.80,20,3.84,"2005-08-01 00:00:00"
"Hysterical Grail","Sports",87.85,15,5.86,"2005-08-01 00:00:00"
"Salute Apollo","New",95.80,20,4.79,"2005-08-01 00:00:00"
"Flatliners Killer","Sports",74.81,19,3.94,"2005-08-01 00:00:00"
"Wolves Desire","Travel",24.79,21,1.18,"2005-08-01 00:00:00"
"Blood Argonauts","Family",30.93,7,4.42,"2005-08-01 00:00:00"
"Alone Trip","Music",61.83,17,3.64,"2006-02-01 00:00:00"
"Idols Snatchers","Children",88.76,24,3.70,"2005-08-01 00:00:00"
"Aladdin Calendar","Sports",131.77,23,5.73,"2005-08-01 00:00:00"
"Highball Potter","Foreign",27.81,19,1.46,"2005-08-01 00:00:00"
"Smile Earring","Travel",58.90,10,5.89,"2005-08-01 00:00:00"
"Iron Moon","Classics",50.90,10,5.09,"2005-08-01 00:00:00"
"Escape Metropolis","Travel",74.77,23,3.25,"2005-08-01 00:00:00"
"Savannah Town","Drama",22.90,10,2.29,"2005-08-01 00:00:00"
"Northwest Polish","Sports",77.82,18,4.32,"2005-08-01 00:00:00"
"War Notting","Foreign",65.88,12,5.49,"2005-08-01 00:00:00"
"Poseidon Forever","Sports",100.83,17,5.93,"2005-08-01 00:00:00"
"Edge Kissing","Drama",79.87,13,6.14,"2005-08-01 00:00:00"
"Hunchback Impossible","Drama",115.83,17,6.81,"2006-02-01 00:00:00"
"Jumanji Blade","New",30.92,8,3.87,"2005-08-01 00:00:00"
"Jumping Wrath","Children",67.79,21,3.23,"2005-08-01 00:00:00"
"Oklahoma Jumanji","New",5.94,6,0.99,"2005-08-01 00:00:00"
"Beast Hunchback","Classics",69.90,10,6.99,"2005-08-01 00:00:00"
"Opposite Necklace","Family",56.89,11,5.17,"2006-02-01 00:00:00"
"Seabiscuit Punk","Sports",86.76,24,3.62,"2006-02-01 00:00:00"
"Full Flatliners","Children",16.95,5,3.39,"2005-08-01 00:00:00"
"Lawless Vision","Animation",76.86,15,5.12,"2006-02-01 00:00:00"
"Groundhog Uncut","Comedy",78.86,14,5.63,"2006-02-01 00:00:00"
"Analyze Hoosiers","Horror",55.86,14,3.99,"2005-08-01 00:00:00"
"Egg Igby","Documentary",98.81,19,5.20,"2005-08-01 00:00:00"
"Natural Stock","Family",31.88,12,2.66,"2005-08-01 00:00:00"
"Clones Pinocchio","Music",59.83,17,3.52,"2005-08-01 00:00:00"
"North Tequila","Documentary",51.91,9,5.77,"2005-08-01 00:00:00"
"Manchurian Curtain","Family",59.86,14,4.28,"2005-08-01 00:00:00"
"Cider Desire","Documentary",56.83,17,3.34,"2005-08-01 00:00:00"
"Fantasia Park","Games",73.81,19,3.88,"2005-08-01 00:00:00"
"Lover Truman","Classics",54.91,9,6.10,"2005-08-01 00:00:00"
"Soldiers Evolution","Sci-Fi",36.93,7,5.28,"2005-08-01 00:00:00"
"Gentlemen Stage","Foreign",70.80,20,3.54,"2005-08-01 00:00:00"
"Happiness United","Foreign",22.94,6,3.82,"2006-02-01 00:00:00"
"Greatest North","Music",103.73,27,3.84,"2005-08-01 00:00:00"
"Name Detective","Games",131.78,22,5.99,"2006-02-01 00:00:00"
"Memento Zoolander","Comedy",88.87,13,6.84,"2005-08-01 00:00:00"
"Clockwork Paradise","Children",11.90,10,1.19,"2005-08-01 00:00:00"
"Loser Hustler","Sports",83.86,14,5.99,"2005-08-01 00:00:00"
"Tourist Pelican","Sports",126.81,19,6.67,"2005-08-01 00:00:00"
"Italian African","Travel",38.94,6,6.49,"2005-08-01 00:00:00"
"Watership Frontier","Horror",13.94,6,2.32,"2005-08-01 00:00:00"
"Elf Murder","Music",34.94,6,5.82,"2005-08-01 00:00:00"
"Lies Treatment","Drama",131.76,24,5.49,"2005-08-01 00:00:00"
"Campus Remember","Action",81.83,17,4.81,"2005-08-01 00:00:00"
"Artist Coldblooded","Sports",59.86,14,4.28,"2005-08-01 00:00:00"
"Baby Hall","Foreign",40.93,7,5.85,"2005-08-01 00:00:00"
"Trading Pinocchio","Sports",133.77,23,5.82,"2006-02-01 00:00:00"
"Chaplin License","New",23.92,8,2.99,"2005-08-01 00:00:00"
"Durham Panky","Sports",132.76,24,5.53,"2005-08-01 00:00:00"
"Pity Bound","Drama",138.77,23,6.03,"2005-08-01 00:00:00"
"Cruelty Unforgiven","Classics",6.94,6,1.16,"2005-08-01 00:00:00"
"Destiny Saturday","New",91.85,15,6.12,"2005-08-01 00:00:00"
"Inch Jet","Animation",95.82,18,5.32,"2005-08-01 00:00:00"
"Simon North","Horror",18.94,6,3.16,"2005-08-01 00:00:00"
"Juggler Hardly","Animation",86.71,29,2.99,"2006-02-01 00:00:00"
"Pluto Oleander","New",73.87,13,5.68,"2005-08-01 00:00:00"
"Dying Maker","Comedy",83.85,15,5.59,"2005-08-01 00:00:00"
"Mixed Doors","Foreign",15.96,4,3.99,"2005-08-01 00:00:00"
"Drifter Commandments","Action",131.78,22,5.99,"2006-02-01 00:00:00"
"Command Darling","Foreign",107.84,16,6.74,"2005-08-01 00:00:00"
"Strangelove Desire","Children",79.78,22,3.63,"2005-08-01 00:00:00"
"Gilbert Pelican","Classics",17.91,9,1.99,"2005-08-01 00:00:00"
"Tootsie Pilot","Children",28.88,12,2.41,"2005-08-01 00:00:00"
"Impossible Prejudice","Foreign",74.86,14,5.35,"2005-08-01 00:00:00"
"Creepers Kane","Classics",77.87,13,5.99,"2005-08-01 00:00:00"
"Vampire Whale","New",69.89,11,6.35,"2005-08-01 00:00:00"
"Agent Truman","Foreign",111.81,19,5.88,"2005-08-01 00:00:00"
"Cause Date","Documentary",114.81,19,6.04,"2005-08-01 00:00:00"
"Nightmare Chill","Games",148.79,21,7.09,"2005-08-01 00:00:00"
"Patient Sister","Classics",21.82,18,1.21,"2005-08-01 00:00:00"
"Musketeers Wait","Classics",82.85,15,5.52,"2005-08-01 00:00:00"
"Whale Bikini","Foreign",113.85,15,7.59,"2005-08-01 00:00:00"
"Sweet Brotherhood","Travel",58.89,11,5.35,"2005-08-01 00:00:00"
"Rear Trading","Action",27.85,15,1.86,"2005-08-01 00:00:00"
"Trojan Tomorrow","Sci-Fi",75.82,17,4.46,"2006-02-01 00:00:00"
"Harold French","Drama",8.93,7,1.28,"2005-08-01 00:00:00"
"Liaisons Sweet","Travel",126.79,21,6.04,"2005-08-01 00:00:00"
"Varsity Trip","New",48.84,16,3.05,"2006-02-01 00:00:00"
"Disturbing Scarface","Sci-Fi",77.77,23,3.38,"2005-08-01 00:00:00"
"Rushmore Mermaid","Comedy",18.94,6,3.16,"2005-08-01 00:00:00"
"Silverado Goldfinger","Sci-Fi",91.88,12,7.66,"2006-02-01 00:00:00"
"Chance Resurrection","Sports",124.76,24,5.20,"2005-08-01 00:00:00"
"Berets Agent","Action",72.80,19,3.83,"2006-02-01 00:00:00"
"Slipper Fidelity","Sports",24.86,14,1.78,"2005-08-01 00:00:00"
"Mannequin Worst","New",23.95,5,4.79,"2005-08-01 00:00:00"
"Bilko Anonymous","Family",94.88,12,7.91,"2005-08-01 00:00:00"
"French Holiday","Documentary",94.84,16,5.93,"2005-08-01 00:00:00"
"Stock Glass","New",42.87,13,3.30,"2005-08-01 00:00:00"
"Bird Independence","Travel",53.91,9,5.99,"2005-08-01 00:00:00"
"Runner Madigan","Music",14.92,8,1.87,"2005-08-01 00:00:00"
"Novocaine Flight","Sports",49.82,18,2.77,"2005-08-01 00:00:00"
"Chariots Conspiracy","Sci-Fi",65.81,19,3.46,"2005-08-01 00:00:00"
"Hustler Party","Comedy",190.78,22,8.67,"2005-08-01 00:00:00"
"Interview Liaisons","New",110.82,18,6.16,"2005-08-01 00:00:00"
"Music Boondock","Family",20.83,17,1.23,"2005-08-01 00:00:00"
"Unforgiven Zoolander","Sci-Fi",22.84,16,1.43,"2005-08-01 00:00:00"
"Monster Spartacus","Music",48.86,14,3.49,"2006-02-01 00:00:00"
"Magnolia Forrester","Action",34.89,11,3.17,"2005-08-01 00:00:00"
"Legend Jedi","Music",12.92,8,1.62,"2005-08-01 00:00:00"
"Whisperer Giant","Sci-Fi",141.80,20,7.09,"2005-08-01 00:00:00"
"Swarm Gold","Horror",64.77,23,2.82,"2006-02-01 00:00:00"
"Louisiana Harry","Family",28.84,16,1.80,"2005-08-01 00:00:00"
"Newsies Story","Documentary",22.93,7,3.28,"2005-08-01 00:00:00"
"Factory Dragon","Travel",30.85,15,2.06,"2005-08-01 00:00:00"
"Panic Club","Horror",51.93,7,7.42,"2005-08-01 00:00:00"
"Rouge Squad","Games",51.84,16,3.24,"2005-08-01 00:00:00"
"Glass Dying","Action",35.88,12,2.99,"2005-08-01 00:00:00"
"Trip Newton","Action",135.74,26,5.22,"2005-08-01 00:00:00"
"Fight Jawbreaker","Animation",53.80,20,2.69,"2006-02-01 00:00:00"
"Westward Seabiscuit","Classics",36.75,25,1.47,"2005-08-01 00:00:00"
"Jawbreaker Brooklyn","Music",10.91,9,1.21,"2005-08-01 00:00:00"
"Harry Idaho","Drama",177.73,27,6.58,"2006-02-01 00:00:00"
"Shawshank Bubble","Travel",109.81,19,5.78,"2006-02-01 00:00:00"
"Carol Texas","Animation",79.83,17,4.70,"2005-08-01 00:00:00"
"Pet Haunting","Foreign",26.92,8,3.37,"2005-08-01 00:00:00"
"Labyrinth League","Children",41.87,13,3.22,"2005-08-01 00:00:00"
"Microcosmos Paradise","Children",43.88,12,3.66,"2005-08-01 00:00:00"
"Gandhi Kwai","Family",16.87,13,1.30,"2005-08-01 00:00:00"
"Frontier Cabin","New",35.94,6,5.99,"2005-08-01 00:00:00"
"Holiday Games","Foreign",82.85,15,5.52,"2005-08-01 00:00:00"
"Glory Tracy","Games",14.95,5,2.99,"2005-08-01 00:00:00"
"Miracle Virtual","Animation",41.92,8,5.24,"2005-08-01 00:00:00"
"Bingo Talented","Sci-Fi",119.75,25,4.79,"2005-08-01 00:00:00"
"Dream Pickup","Action",73.80,20,3.69,"2005-08-01 00:00:00"
"Prejudice Oleander","Classics",110.81,19,5.83,"2005-08-01 00:00:00"
"Slums Duck","Family",48.78,22,2.22,"2005-08-01 00:00:00"
"Ghost Groundhog","Children",107.81,19,5.67,"2006-02-01 00:00:00"
"Polish Brooklyn","Children",18.85,15,1.26,"2005-08-01 00:00:00"
"Wagon Jaws","Documentary",33.91,9,3.77,"2005-08-01 00:00:00"
"Sinners Atlantis","Horror",60.81,19,3.20,"2005-08-01 00:00:00"
"Panky Submarine","Games",86.88,12,7.24,"2005-08-01 00:00:00"
"Clue Grail","Music",40.93,7,5.85,"2005-08-01 00:00:00"
"Crossroads Casualties","Animation",74.80,20,3.74,"2005-08-01 00:00:00"
"Philadelphia Wife","Sports",107.80,21,5.13,"2006-02-01 00:00:00"
"Kane Exorcist","Foreign",13.88,12,1.16,"2005-08-01 00:00:00"
"Easy Gladiator","Action",132.80,20,6.64,"2005-08-01 00:00:00"
"Smoking Barbarella","Documentary",17.84,17,1.05,"2006-02-01 00:00:00"
"Wonderful Drop","Foreign",46.92,8,5.87,"2005-08-01 00:00:00"
"Personal Ladybugs","Music",43.87,13,3.37,"2005-08-01 00:00:00"
"Primary Glass","Action",36.73,27,1.36,"2005-08-01 00:00:00"
"Lambs Cincinatti","Games",57.90,10,5.79,"2005-08-01 00:00:00"
"Gangs Pride","Animation",95.78,22,4.35,"2005-08-01 00:00:00"
"Hoosiers Birdcage","Foreign",41.92,8,5.24,"2005-08-01 00:00:00"
"Darn Forrester","Action",87.83,17,5.17,"2005-08-01 00:00:00"
"Youth Kick","Music",16.94,6,2.82,"2005-08-01 00:00:00"
"Control Anthem","Comedy",31.94,6,5.32,"2005-08-01 00:00:00"
"Run Pacific","New",42.91,9,4.77,"2005-08-01 00:00:00"
"Freedom Cleopatra","Comedy",5.95,5,1.19,"2005-08-01 00:00:00"
"Nash Chocolat","Animation",58.87,13,4.53,"2005-08-01 00:00:00"
"Lust Lock","Action",74.82,15,4.99,"2006-02-01 00:00:00"
"Invasion Cyclone","Children",100.74,26,3.87,"2005-08-01 00:00:00"
"Greedy Roots","Drama",14.87,13,1.14,"2005-08-01 00:00:00"
"National Story","Documentary",76.83,17,4.52,"2005-08-01 00:00:00"
"Words Hunter","Music",73.86,14,5.28,"2005-08-01 00:00:00"
"Hardly Robbers","Documentary",15.96,4,3.99,"2005-08-01 00:00:00"
"Remember Diary","Family",70.83,17,4.17,"2005-08-01 00:00:00"
"Confidential Interview","Music",136.76,24,5.70,"2005-08-01 00:00:00"
"Dynamite Tarzan","Classics",60.77,23,2.64,"2005-08-01 00:00:00"
"Excitement Eve","Action",61.80,20,3.09,"2005-08-01 00:00:00"
"Kissing Dolls","Action",120.83,17,7.11,"2005-08-01 00:00:00"
"Uptown Young","Children",29.90,10,2.99,"2005-08-01 00:00:00"
"Samurai Lion","New",101.76,24,4.24,"2005-08-01 00:00:00"
"Lord Arizona","Action",39.90,10,3.99,"2006-02-01 00:00:00"
"Platoon Instinct","New",40.92,8,5.12,"2005-08-01 00:00:00"
"Potluck Mixed","Animation",43.90,10,4.39,"2005-08-01 00:00:00"
"Stampede Disturbing","Games",32.86,14,2.35,"2005-08-01 00:00:00"
"None Spiking","Sci-Fi",79.75,25,3.19,"2006-02-01 00:00:00"
"Hyde Doctor","Classics",95.76,23,4.16,"2006-02-01 00:00:00"
"Backlash Undefeated","Children",140.84,16,8.80,"2005-08-01 00:00:00"
"Killer Innocent","Family",21.94,6,3.66,"2005-08-01 00:00:00"
"Moonwalker Fool","Games",75.89,11,6.90,"2006-02-01 00:00:00"
"Amelie Hellfighters","Music",67.90,10,6.79,"2005-08-01 00:00:00"
"Hall Cassidy","Children",98.84,16,6.18,"2005-08-01 00:00:00"
"Tenenbaums Command","Drama",19.88,12,1.66,"2005-08-01 00:00:00"
"Suit Walls","Games",134.81,19,7.10,"2006-02-01 00:00:00"
"Sorority Queen","Foreign",19.88,12,1.66,"2005-08-01 00:00:00"
"Pulp Beverly","Horror",121.74,26,4.68,"2006-02-01 00:00:00"
"Tomatoes Hellfighters","Travel",19.86,14,1.42,"2005-08-01 00:00:00"
"Driving Polish","Music",105.81,19,5.57,"2005-08-01 00:00:00"
"Ties Hunger","Children",69.91,9,7.77,"2005-08-01 00:00:00"
"Wild Apollo","New",15.94,6,2.66,"2006-02-01 00:00:00"
"Model Fish","Children",76.87,13,5.91,"2005-08-01 00:00:00"
"Young Language","Documentary",6.93,7,0.99,"2005-08-01 00:00:00"
"Side Ark","Action",29.88,12,2.49,"2005-08-01 00:00:00"
"Pilot Hoosiers","Family",51.86,14,3.70,"2005-08-01 00:00:00"
"Impact Aladdin","Music",18.92,8,2.37,"2005-08-01 00:00:00"
"Maltese Hope","Games",118.79,21,5.66,"2005-08-01 00:00:00"
"Flying Hook","Animation",77.81,19,4.10,"2006-02-01 00:00:00"
"Massage Image","Animation",56.89,11,5.17,"2005-08-01 00:00:00"
"Entrapment Satisfaction","Action",42.87,13,3.30,"2005-08-01 00:00:00"
"Nuts Ties","New",53.91,9,5.99,"2005-08-01 00:00:00"
"Evolution Alter","Sports",26.88,12,2.24,"2005-08-01 00:00:00"
"Dumbo Lust","Family",13.94,6,2.32,"2005-08-01 00:00:00"
"Hunting Musketeers","Family",40.88,12,3.41,"2005-08-01 00:00:00"
"Dorado Notting","Music",140.78,22,6.40,"2005-08-01 00:00:00"
"Sleuth Orient","Games",48.81,19,2.57,"2005-08-01 00:00:00"
"Arizona Bang","Classics",104.79,21,4.99,"2005-08-01 00:00:00"
"Lucky Flying","Music",32.90,10,3.29,"2005-08-01 00:00:00"
"Patton Interview","Horror",94.79,21,4.51,"2005-08-01 00:00:00"
"Random Go","Sci-Fi",31.91,9,3.55,"2005-08-01 00:00:00"
"Wife Turn","Documentary",198.73,27,7.36,"2005-08-01 00:00:00"
"Details Packer","Games",128.82,18,7.16,"2006-02-01 00:00:00"
"Story Side","Action",35.74,26,1.37,"2005-08-01 00:00:00"
"Conspiracy Spirit","Classics",16.95,5,3.39,"2005-08-01 00:00:00"
"Jersey Sassy","Children",39.94,6,6.66,"2005-08-01 00:00:00"
"West Lion","Drama",92.86,14,6.63,"2005-08-01 00:00:00"
"Beneath Rush","Children",16.90,10,1.69,"2005-08-01 00:00:00"
"Dude Blindness","Sports",90.87,13,6.99,"2005-08-01 00:00:00"
"Mulan Moon","Comedy",30.89,11,2.81,"2006-02-01 00:00:00"
"Murder Antitrust","Children",78.79,21,3.75,"2005-08-01 00:00:00"
"Lose Inch","Foreign",77.74,26,2.99,"2005-08-01 00:00:00"
"Wonka Sea","Animation",66.82,18,3.71,"2005-08-01 00:00:00"
"Sagebrush Clueless","Documentary",83.86,14,5.99,"2005-08-01 00:00:00"
"Notorious Reunion","Documentary",24.87,13,1.91,"2005-08-01 00:00:00"
"Truman Crazy","Action",104.80,20,5.24,"2005-08-01 00:00:00"
"Magnificent Chitty","Classics",54.92,8,6.87,"2005-08-01 00:00:00"
"Clyde Theory","New",23.92,8,2.99,"2005-08-01 00:00:00"
"Downhill Enough","Comedy",72.79,21,3.47,"2005-08-01 00:00:00"
"Party Knock","Comedy",41.88,12,3.49,"2005-08-01 00:00:00"
"Rollercoaster Bringing","Horror",39.91,9,4.43,"2005-08-01 00:00:00"
"Duck Racer","Animation",20.95,5,4.19,"2005-08-01 00:00:00"
"Freaky Pocus","Music",43.86,14,3.13,"2005-08-01 00:00:00"
"Airport Pollock","Horror",86.85,15,5.79,"2005-08-01 00:00:00"
"Arabia Dogma","Horror",21.88,12,1.82,"2005-08-01 00:00:00"
"Worker Tarzan","Travel",47.86,14,3.42,"2005-08-01 00:00:00"
"Congeniality Quest","Sports",31.81,19,1.67,"2005-08-01 00:00:00"
"Voice Peach","New",31.83,17,1.87,"2005-08-01 00:00:00"
"Beauty Grease","Drama",125.79,21,5.99,"2005-08-01 00:00:00"
"Sensibility Rear","Family",52.90,10,5.29,"2005-08-01 00:00:00"
"Shane Darkness","Travel",52.87,13,4.07,"2005-08-01 00:00:00"
"Lesson Cleopatra","Sports",22.94,6,3.82,"2005-08-01 00:00:00"
"Terminator Club","Music",39.94,6,6.66,"2005-08-01 00:00:00"
"Independence Hotel","Documentary",34.82,18,1.93,"2005-08-01 00:00:00"
"Blues Instinct","Family",75.82,18,4.21,"2005-08-01 00:00:00"
"Loverboy Attacks","New",16.89,11,1.54,"2005-08-01 00:00:00"
"Expendable Stallion","Documentary",94.74,26,3.64,"2005-08-01 00:00:00"
"Notting Speakeasy","Drama",12.91,9,1.43,"2005-08-01 00:00:00"
"President Bang","Family",35.94,6,5.99,"2005-08-01 00:00:00"
"Chisum Behavior","Family",50.90,10,5.09,"2005-08-01 00:00:00"
"Birds Perdition","New",102.83,17,6.05,"2005-08-01 00:00:00"
"Purple Movie","Foreign",52.88,12,4.41,"2005-08-01 00:00:00"
"Core Suit","Classics",92.84,16,5.80,"2005-08-01 00:00:00"
"Madison Trap","Documentary",64.87,13,4.99,"2005-08-01 00:00:00"
"Angels Life","New",103.80,20,5.19,"2005-08-01 00:00:00"
"Dozen Lion","Documentary",31.94,6,5.32,"2005-08-01 00:00:00"
"Mob Duffel","Drama",27.90,10,2.79,"2005-08-01 00:00:00"
"Donnie Alley","Animation",34.87,13,2.68,"2005-08-01 00:00:00"
"Wrong Behavior","Children",62.80,20,3.14,"2005-08-01 00:00:00"
"Diary Panic","Drama",24.92,8,3.12,"2005-08-01 00:00:00"
"Tarzan Videotape","Horror",40.92,8,5.12,"2005-08-01 00:00:00"
"Gunfighter Mussolini","Sports",64.89,11,5.90,"2005-08-01 00:00:00"
"Secretary Rouge","Sports",112.82,18,6.27,"2005-08-01 00:00:00"
"Drums Dynamite","Horror",24.87,13,1.91,"2005-08-01 00:00:00"
"Express Lonely","Sci-Fi",42.88,12,3.57,"2005-08-01 00:00:00"
"Untouchables Sunrise","Documentary",28.93,7,4.13,"2005-08-01 00:00:00"
"Sleepless Monsoon","Animation",103.83,17,6.11,"2006-02-01 00:00:00"
"Ali Forever","Horror",54.91,9,6.10,"2006-02-01 00:00:00"
"Extraordinary Conquerer","Classics",22.94,6,3.82,"2005-08-01 00:00:00"
"Tramp Others","Comedy",40.82,18,2.27,"2005-08-01 00:00:00"
"Shepherd Midsummer","Children",28.77,23,1.25,"2005-08-01 00:00:00"
"Encino Elf","Games",27.81,19,1.46,"2006-02-01 00:00:00"
"Jacket Frisco","Drama",71.84,16,4.49,"2005-08-01 00:00:00"
"Coneheads Smoochy","Drama",131.76,24,5.49,"2005-08-01 00:00:00"
"Mermaid Insects","Sports",94.85,15,6.32,"2005-08-01 00:00:00"
"Earring Instinct","Family",60.83,17,3.58,"2005-08-01 00:00:00"
"Records Zorro","Sports",38.93,7,5.56,"2005-08-01 00:00:00"
"Heavyweights Beast","Documentary",123.78,22,5.63,"2005-08-01 00:00:00"
"Soup Wisdom","Family",11.93,7,1.70,"2005-08-01 00:00:00"
"Birch Antitrust","Music",74.89,11,6.81,"2005-08-01 00:00:00"
"Flamingos Connecticut","New",134.78,22,6.13,"2005-08-01 00:00:00"
"Tuxedo Mile","Sports",76.87,13,5.91,"2006-02-01 00:00:00"
"Telemark Heartbreakers","Animation",88.76,24,3.70,"2005-08-01 00:00:00"
"Gleaming Jawbreaker","Sports",125.72,27,4.66,"2006-02-01 00:00:00"
"Straight Hours","Sports",55.81,19,2.94,"2005-08-01 00:00:00"
"King Evolution","Family",59.92,8,7.49,"2005-08-01 00:00:00"
"Mussolini Spoilers","Sports",15.95,5,3.19,"2005-08-01 00:00:00"
"Necklace Outbreak","Drama",36.86,14,2.63,"2005-08-01 00:00:00"
"Vertigo Northwest","Comedy",37.92,8,4.74,"2005-08-01 00:00:00"
"Metropolis Coma","Sci-Fi",116.76,24,4.87,"2005-08-01 00:00:00"
"Fury Murder","Children",58.83,17,3.46,"2005-08-01 00:00:00"
"Sweethearts Suspects","Children",93.73,27,3.47,"2006-02-01 00:00:00"
"Song Hedwig","Music",31.90,10,3.19,"2006-02-01 00:00:00"
"Uncut Suicides","Music",42.87,13,3.30,"2005-08-01 00:00:00"
"Autumn Crow","Games",74.90,10,7.49,"2005-08-01 00:00:00"
"Duffel Apocalypse","Documentary",5.94,6,0.99,"2005-08-01 00:00:00"
"Exorcist Sting","Sports",49.88,12,4.16,"2005-08-01 00:00:00"
"Loathing Legally","Classics",62.74,26,2.41,"2006-02-01 00:00:00"
"Pride Alamo","Animation",17.85,15,1.19,"2006-02-01 00:00:00"
"Nemo Campus","Sci-Fi",59.86,14,4.28,"2005-08-01 00:00:00"
"Hook Chariots","Animation",17.87,13,1.37,"2005-08-01 00:00:00"
"Desperate Trainspotting","Travel",31.94,6,5.32,"2005-08-01 00:00:00"
"Redemption Comforts","New",113.80,20,5.69,"2005-08-01 00:00:00"
"Dawn Pond","Games",120.83,17,7.11,"2005-08-01 00:00:00"
"Bulworth Commandments","Games",32.93,7,4.70,"2005-08-01 00:00:00"
"Godfather Diary","New",37.92,8,4.74,"2005-08-01 00:00:00"
"Roses Treasure","Sports",137.77,23,5.99,"2005-08-01 00:00:00"
"Paths Control","Drama",81.90,10,8.19,"2005-08-01 00:00:00"
"African Egg","Family",47.89,11,4.35,"2006-02-01 00:00:00"
"Crusade Honey","Sports",44.93,7,6.42,"2005-08-01 00:00:00"
"Horror Reign","Travel",77.75,25,3.11,"2005-08-01 00:00:00"
"Cat Coneheads","Comedy",159.73,27,5.92,"2006-02-01 00:00:00"
"Spirit Flintstones","Horror",14.86,14,1.06,"2005-08-01 00:00:00"
"Chill Luck","Drama",29.79,21,1.42,"2005-08-01 00:00:00"
"Karate Moon","Horror",51.80,20,2.59,"2005-08-01 00:00:00"
"Fiction Christmas","Foreign",58.81,19,3.10,"2005-08-01 00:00:00"
"English Bulworth","Sci-Fi",99.74,26,3.84,"2005-08-01 00:00:00"
"Maiden Home","New",152.78,22,6.94,"2005-08-01 00:00:00"
"Ishtar Rocketeer","Animation",42.94,6,7.16,"2005-08-01 00:00:00"
"Bang Kwai","Family",22.93,7,3.28,"2006-02-01 00:00:00"
"Sun Confessions","Sci-Fi",50.77,23,2.21,"2005-08-01 00:00:00"
"Minority Kiss","Music",27.89,12,2.32,"2006-02-01 00:00:00"
"Spice Sorority","Drama",106.81,19,5.62,"2005-08-01 00:00:00"
"Brannigan Sunrise","New",56.91,9,6.32,"2005-08-01 00:00:00"
"Anthem Luke","Comedy",63.89,11,5.81,"2005-08-01 00:00:00"
"Scorpion Apollo","Drama",158.79,21,7.56,"2005-08-01 00:00:00"
"Rider Caddyshack","Sports",48.89,11,4.44,"2005-08-01 00:00:00"
"Insider Arizona","Music",61.83,17,3.64,"2006-02-01 00:00:00"
"Show Lord","Documentary",145.78,22,6.63,"2005-08-01 00:00:00"
"Vanished Garden","New",14.94,7,2.13,"2006-02-01 00:00:00"
"Moonshine Cabin","Games",131.80,20,6.59,"2005-08-01 00:00:00"
"Blade Polish","Drama",29.81,20,1.49,"2006-02-01 00:00:00"
"Reign Gentlemen","Sci-Fi",105.81,19,5.57,"2005-08-01 00:00:00"
"Language Cowboy","Children",18.90,10,1.89,"2005-08-01 00:00:00"
"Grosse Wonderful","Music",46.92,8,5.87,"2005-08-01 00:00:00"
"Won Dares","Music",28.91,9,3.21,"2005-08-01 00:00:00"
"Hawk Chill","Documentary",12.94,6,2.16,"2005-08-01 00:00:00"
"Jeopardy Encino","Classics",28.90,10,2.89,"2005-08-01 00:00:00"
"Unfaithful Kill","Drama",26.92,8,3.37,"2005-08-01 00:00:00"
"Canyon Stock","Animation",27.81,19,1.46,"2006-02-01 00:00:00"
"Hollywood Anonymous","Children",13.87,13,1.07,"2005-08-01 00:00:00"
"Graffiti Love","Sci-Fi",67.74,26,2.61,"2005-08-01 00:00:00"
"River Outlaw","Sports",56.82,19,2.99,"2006-02-01 00:00:00"
"Bound Cheaper","Classics",50.76,24,2.12,"2006-02-01 00:00:00"
"Spiking Element","Classics",38.88,12,3.24,"2005-08-01 00:00:00"
"Uprising Uptown","Action",45.87,13,3.53,"2005-08-01 00:00:00"
"Graceland Dynamite","Sports",37.94,6,6.32,"2005-08-01 00:00:00"
"Million Ace","Classics",103.83,17,6.11,"2005-08-01 00:00:00"
"Titans Jerk","Sci-Fi",186.73,27,6.92,"2006-02-01 00:00:00"
"Head Stranger","Games",142.79,21,6.80,"2005-08-01 00:00:00"
"Forrester Comancheros","Animation",141.74,26,5.45,"2006-02-01 00:00:00"
"Bikini Borrowers","Animation",79.86,14,5.70,"2005-08-01 00:00:00"
"Cowboy Doom","Foreign",28.93,7,4.13,"2005-08-01 00:00:00"
"Towers Hurricane","Classics",10.91,9,1.21,"2005-08-01 00:00:00"
"Unbreakable Karate","New",76.81,19,4.04,"2005-08-01 00:00:00"
"Dalmations Sweden","Drama",54.82,18,3.05,"2005-08-01 00:00:00"
"California Birds","Sports",73.89,11,6.72,"2005-08-01 00:00:00"
"Treatment Jekyll","Drama",6.94,6,1.16,"2005-08-01 00:00:00"
"Barefoot Manchurian","Action",59.83,17,3.52,"2005-08-01 00:00:00"
"Joon Northwest","Sports",37.84,16,2.37,"2005-08-01 00:00:00"
"Frida Slipper","Foreign",40.90,11,3.72,"2006-02-01 00:00:00"
"Potter Connecticut","Animation",62.85,15,4.19,"2005-08-01 00:00:00"
"Steers Armageddon","Sports",85.85,15,5.72,"2005-08-01 00:00:00"
"Dirty Ace","Games",47.87,13,3.68,"2005-08-01 00:00:00"
"Town Ark","Foreign",46.87,13,3.61,"2005-08-01 00:00:00"
"Club Graffiti","Animation",38.82,17,2.28,"2006-02-01 00:00:00"
"Candles Grapes","Games",111.80,20,5.59,"2005-08-01 00:00:00"
"Stone Fire","Travel",32.90,10,3.29,"2005-08-01 00:00:00"
"Shrek License","Foreign",37.88,12,3.16,"2006-02-01 00:00:00"
"Dwarfs Alter","Games",28.92,8,3.62,"2006-02-01 00:00:00"
"Strictly Scarface","Comedy",113.77,23,4.95,"2005-08-01 00:00:00"
"Monterey Labyrinth","Horror",19.89,11,1.81,"2005-08-01 00:00:00"
"Darling Breaking","Games",44.92,8,5.62,"2005-08-01 00:00:00"
"Valley Packer","Comedy",49.88,12,4.16,"2005-08-01 00:00:00"
"Gilmore Boiled","Classics",52.76,24,2.20,"2005-08-01 00:00:00"
"Seven Swarm","Games",30.95,5,6.19,"2005-08-01 00:00:00"
"Spinal Rocky","Family",39.87,13,3.07,"2005-08-01 00:00:00"
"Fever Empire","Games",33.95,5,6.79,"2005-08-01 00:00:00"
"Superfly Trip","Travel",16.91,9,1.88,"2005-08-01 00:00:00"
"Caribbean Liberty","Sports",66.92,8,8.37,"2005-08-01 00:00:00"
"Wardrobe Phantom","Drama",80.77,23,3.51,"2005-08-01 00:00:00"
"Desert Poseidon","Horror",118.81,19,6.25,"2005-08-01 00:00:00"
"Mallrats United","Comedy",70.78,22,3.22,"2005-08-01 00:00:00"
"Cranes Reservoir","Sports",33.91,9,3.77,"2005-08-01 00:00:00"
"Baked Cleopatra","Family",76.85,15,5.12,"2006-02-01 00:00:00"
"Cassidy Wyoming","Travel",23.94,6,3.99,"2005-08-01 00:00:00"
"Muscle Bright","Travel",86.73,27,3.21,"2005-08-01 00:00:00"
"Hamlet Wisdom","Sci-Fi",39.88,12,3.32,"2005-08-01 00:00:00"
"Hobbit Alien","Drama",68.74,26,2.64,"2005-08-01 00:00:00"
"Igby Maker","Travel",89.83,17,5.28,"2006-02-01 00:00:00"
"Dragonfly Strangers","New",80.86,14,5.78,"2006-02-01 00:00:00"
"Champion Flatliners","Animation",62.90,10,6.29,"2005-08-01 00:00:00"
"Midsummer Groundhog","Documentary",129.82,18,7.21,"2005-08-01 00:00:00"
"Games Bowfinger","Travel",62.88,12,5.24,"2005-08-01 00:00:00"
"Charade Duffel","Sci-Fi",66.87,13,5.14,"2005-08-01 00:00:00"
"Early Home","Animation",36.94,6,6.16,"2005-08-01 00:00:00"
"Homeward Cider","Documentary",23.84,16,1.49,"2005-08-01 00:00:00"
"Mulholland Beast","Foreign",21.93,7,3.13,"2006-02-01 00:00:00"
"Banger Pinocchio","Music",40.80,20,2.04,"2005-08-01 00:00:00"
"Turn Star","Animation",56.88,12,4.74,"2005-08-01 00:00:00"
"Dances None","Action",28.87,13,2.22,"2006-02-01 00:00:00"
"Wind Phantom","Games",33.79,21,1.61,"2005-08-01 00:00:00"
"Enemy Odds","Music",159.75,25,6.39,"2005-08-01 00:00:00"
"Betrayed Rear","Children",79.87,13,6.14,"2005-08-01 00:00:00"
"Fire Wolves","Games",39.93,7,5.70,"2005-08-01 00:00:00"
"Sundance Invasion","Children",36.82,18,2.05,"2006-02-01 00:00:00"
"Money Harold","New",111.80,20,5.59,"2005-08-01 00:00:00"
"Borrowers Bedazzled","Animation",25.80,20,1.29,"2005-08-01 00:00:00"
"Majestic Floats","Documentary",36.85,15,2.46,"2005-08-01 00:00:00"
"Gaslight Crusade","Horror",62.84,16,3.93,"2005-08-01 00:00:00"
"Insects Stone","Animation",36.81,18,2.05,"2006-02-01 00:00:00"
"Grail Frankenstein","Action",40.92,8,5.12,"2006-02-01 00:00:00"
"Sierra Divide","Sports",57.85,15,3.86,"2005-08-01 00:00:00"
"Something Duck","Drama",120.82,18,6.71,"2005-08-01 00:00:00"
"Tomorrow Hustler","Classics",101.76,24,4.24,"2005-08-01 00:00:00"
"Zorro Ark","Comedy",199.72,28,7.13,"2005-08-01 00:00:00"
"Bull Shawshank","Action",21.84,16,1.37,"2006-02-01 00:00:00"
"Outfield Massacre","Music",54.82,18,3.05,"2006-02-01 00:00:00"
"Lola Agent","Horror",154.77,23,6.73,"2005-08-01 00:00:00"
"Attraction Newton","New",133.78,22,6.08,"2005-08-01 00:00:00"
"Casablanca Super","Travel",82.84,16,5.18,"2005-08-01 00:00:00"
"Holy Tadpole","Classics",17.92,8,2.24,"2005-08-01 00:00:00"
"Gorgeous Bingo","Children",94.83,17,5.58,"2006-02-01 00:00:00"
"Gun Bonnie","Games",30.79,21,1.47,"2005-08-01 00:00:00"
"Madre Gables","Games",47.87,13,3.68,"2005-08-01 00:00:00"
"Wyoming Storm","New",61.89,11,5.63,"2005-08-01 00:00:00"
"Frogmen Breaking","Travel",16.90,10,1.69,"2005-08-01 00:00:00"
"Citizen Shrek","Sci-Fi",21.87,13,1.68,"2005-08-01 00:00:00"
"Dinosaur Secretary","Family",67.81,19,3.57,"2005-08-01 00:00:00"
"Brotherhood Blanket","Documentary",98.77,23,4.29,"2005-08-01 00:00:00"
"Intentions Empire","Animation",78.83,17,4.64,"2006-02-01 00:00:00"
"Doors President","Animation",118.82,18,6.60,"2006-02-01 00:00:00"
"Roman Punk","Music",25.79,21,1.23,"2005-08-01 00:00:00"
"Candidate Perdition","Classics",88.82,17,5.22,"2006-02-01 00:00:00"
"Bed Highball","Documentary",24.94,6,4.16,"2005-08-01 00:00:00"
"Sting Personal","New",149.80,20,7.49,"2005-08-01 00:00:00"
"American Circus","Action",146.81,19,7.73,"2006-02-01 00:00:00"
"Dancing Fever","Documentary",49.76,24,2.07,"2005-08-01 00:00:00"
"Holocaust Highball","Children",23.84,16,1.49,"2005-08-01 00:00:00"
"Submarine Bed","Comedy",78.87,13,6.07,"2005-08-01 00:00:00"
"Beach Heartbreakers","Documentary",55.86,14,3.99,"2005-08-01 00:00:00"
"Racer Egg","Drama",54.83,17,3.23,"2005-08-01 00:00:00"
"Sabrina Midnight","Children",126.79,21,6.04,"2005-08-01 00:00:00"
"Sugar Wonka","Animation",93.85,15,6.26,"2005-08-01 00:00:00"
"Behavior Runaway","Horror",87.89,11,7.99,"2005-08-01 00:00:00"
"Date Speed","Family",41.88,12,3.49,"2005-08-01 00:00:00"
"Mosquito Armageddon","Sports",16.89,11,1.54,"2006-02-01 00:00:00"
"Gone Trouble","Drama",29.92,8,3.74,"2005-08-01 00:00:00"
"Mother Oleander","Sports",63.87,13,4.91,"2005-08-01 00:00:00"
"Drumline Cyclone","Travel",36.90,10,3.69,"2005-08-01 00:00:00"
"Horn Working","Animation",109.77,23,4.77,"2005-08-01 00:00:00"
"Ice Crossing","Games",90.78,22,4.13,"2005-08-01 00:00:00"
"Alien Center","Foreign",84.80,20,4.24,"2005-08-01 00:00:00"
"Phantom Glory","New",21.94,6,3.66,"2005-08-01 00:00:00"
"Annie Identity","Sci-Fi",50.81,19,2.67,"2005-08-01 00:00:00"
"Lion Uncut","Comedy",33.83,17,1.99,"2005-08-01 00:00:00"
"Hanging Deep","Drama",92.85,15,6.19,"2005-08-01 00:00:00"
"Bear Graceland","Children",93.81,19,4.94,"2005-08-01 00:00:00"
"October Submarine","Classics",57.90,10,5.79,"2005-08-01 00:00:00"
"Silence Kane","Music",15.85,15,1.06,"2005-08-01 00:00:00"
"Train Bunch","Horror",24.96,4,6.24,"2005-08-01 00:00:00"
"Sunset Racer","Family",11.93,7,1.70,"2005-08-01 00:00:00"
"Darko Dorado","Action",72.90,10,7.29,"2005-08-01 00:00:00"
"Spy Mile","Games",94.73,27,3.51,"2005-08-01 00:00:00"
"Sweden Shining","Comedy",101.83,16,6.36,"2006-02-01 00:00:00"
"Chainsaw Uptown","Sci-Fi",31.81,19,1.67,"2005-08-01 00:00:00"
"Pittsburgh Hunchback","Family",83.89,11,7.63,"2005-08-01 00:00:00"
"Runaway Tenenbaums","New",11.93,7,1.70,"2005-08-01 00:00:00"
"Family Sweet","Horror",60.73,26,2.34,"2006-02-01 00:00:00"
"Honey Ties","Sports",59.84,16,3.74,"2005-08-01 00:00:00"
"Outbreak Divine","Games",31.82,18,1.77,"2005-08-01 00:00:00"
"Fellowship Autumn","Travel",137.76,24,5.74,"2005-08-01 00:00:00"
"Divorce Shining","Sports",21.95,5,4.39,"2005-08-01 00:00:00"
"Cleopatra Devil","New",27.85,16,1.74,"2006-02-01 00:00:00"
"Watch Tracy","Animation",33.85,15,2.26,"2005-08-01 00:00:00"
"Secret Groundhog","Documentary",105.81,19,5.57,"2005-08-01 00:00:00"
"Odds Boogie","Family",19.87,13,1.53,"2005-08-01 00:00:00"
"Moulin Wake","Travel",51.84,16,3.24,"2005-08-01 00:00:00"
"Dogma Family","Animation",168.72,28,6.03,"2005-08-01 00:00:00"
"Saturday Lambs","Sports",190.74,26,7.34,"2005-08-01 00:00:00"
"Giant Troopers","Children",100.74,26,3.87,"2005-08-01 00:00:00"
"Lock Rear","Travel",42.86,14,3.06,"2005-08-01 00:00:00"
"Caper Motions","Comedy",37.77,23,1.64,"2005-08-01 00:00:00"
"Identity Lover","Sci-Fi",56.88,12,4.74,"2005-08-01 00:00:00"
"Empire Malkovich","Children",26.81,19,1.41,"2005-08-01 00:00:00"
"Airplane Sierra","Comedy",82.85,15,5.52,"2005-08-01 00:00:00"
"Sea Virgin","Drama",84.81,19,4.46,"2005-08-01 00:00:00"
"Range Moonwalker","Family",158.77,23,6.90,"2005-08-01 00:00:00"
"Cyclone Family","Foreign",43.87,14,3.13,"2006-02-01 00:00:00"
"Bucket Brotherhood","Travel",150.72,28,5.38,"2005-08-01 00:00:00"
"Day Unfaithful","New",93.88,12,7.82,"2006-02-01 00:00:00"
"Caddyshack Jedi","Action",46.86,14,3.35,"2005-08-01 00:00:00"
"Daughter Madigan","Children",69.91,9,7.77,"2005-08-01 00:00:00"
"Quills Bull","Documentary",77.87,13,5.99,"2005-08-01 00:00:00"
"Heaven Freedom","Comedy",49.85,15,3.32,"2005-08-01 00:00:00"
"Undefeated Dalmations","Horror",102.81,19,5.41,"2005-08-01 00:00:00"
"Bubble Grosse","Sports",35.94,6,5.99,"2006-02-01 00:00:00"
"Bride Intrigue","Action",20.82,18,1.16,"2005-08-01 00:00:00"
"Traffic Hobbit","Travel",24.95,5,4.99,"2005-08-01 00:00:00"
"Oz Liaisons","Animation",87.78,22,3.99,"2005-08-01 00:00:00"
"Blanket Beverly","Family",33.90,10,3.39,"2006-02-01 00:00:00"
"Rebel Airport","Music",6.93,7,0.99,"2005-08-01 00:00:00"
"Virtual Spoilers","Family",105.87,13,8.14,"2005-08-01 00:00:00"
"Secrets Paradise","Family",139.82,18,7.77,"2005-08-01 00:00:00"
"Maker Gables","Children",32.90,10,3.29,"2005-08-01 00:00:00"
"Expecations Natural","Travel",101.83,17,5.99,"2005-08-01 00:00:00"
"Metal Armageddon","Documentary",88.79,21,4.23,"2005-08-01 00:00:00"
"Hurricane Affair","Comedy",82.77,23,3.60,"2005-08-01 00:00:00"
"Creatures Shakespeare","Games",56.84,16,3.55,"2006-02-01 00:00:00"
"Balloon Homeward","Music",91.78,22,4.17,"2005-08-01 00:00:00"
"Paris Weekend","Horror",40.88,12,3.41,"2005-08-01 00:00:00"
"Daddy Pittsburgh","Comedy",63.89,11,5.81,"2005-08-01 00:00:00"
"Pure Runner","Comedy",89.85,15,5.99,"2006-02-01 00:00:00"
"Antitrust Tomatoes","Action",27.93,7,3.99,"2005-08-01 00:00:00"
"Smoochy Control","Sports",14.88,12,1.24,"2006-02-01 00:00:00"
"Vanishing Rocky","Music",80.83,17,4.75,"2006-02-01 00:00:00"
"Pinocchio Simon","Comedy",119.82,18,6.66,"2005-08-01 00:00:00"
"Ace Goldfinger","Horror",52.93,7,7.56,"2006-02-01 00:00:00"
"Halloween Nuts","Documentary",29.92,8,3.74,"2005-08-01 00:00:00"
"Tights Dawn","Sports",54.76,24,2.28,"2005-08-01 00:00:00"
"Talented Homicide","Sports",34.76,24,1.45,"2005-08-01 00:00:00"
"Instinct Airport","Sports",69.83,17,4.11,"2005-08-01 00:00:00"
"Affair Prejudice","Horror",83.79,21,3.99,"2006-02-01 00:00:00"
"Deer Virginian","Music",78.76,25,3.15,"2006-02-01 00:00:00"
"Witches Panic","Drama",146.75,25,5.87,"2005-08-01 00:00:00"
"Chocolat Harry","Family",49.81,19,2.62,"2005-08-01 00:00:00"
"Eve Resurrection","New",40.93,7,5.85,"2005-08-01 00:00:00"
"Madigan Dorado","Travel",48.92,8,6.12,"2005-08-01 00:00:00"
"Shootist Superfly","Drama",36.77,23,1.60,"2005-08-01 00:00:00"
"Tycoon Gathering","Games",103.88,12,8.66,"2005-08-01 00:00:00"
"Hills Neighbors","Action",58.79,21,2.80,"2005-08-01 00:00:00"
"Forrest Sons","Action",83.83,17,4.93,"2005-08-01 00:00:00"
"Hanky October","Sci-Fi",104.77,23,4.56,"2005-08-01 00:00:00"
"Punk Divorce","Animation",41.93,7,5.99,"2005-08-01 00:00:00"
"Amadeus Holy","Action",32.80,20,1.64,"2006-02-01 00:00:00"
"Thief Pelican","Animation",97.84,16,6.12,"2005-08-01 00:00:00"
"Frisco Forrest","Sci-Fi",53.91,9,5.99,"2006-02-01 00:00:00"
"Clash Freddy","Animation",77.77,23,3.38,"2005-08-01 00:00:00"
"Conquerer Nuts","Drama",84.87,13,6.53,"2005-08-01 00:00:00"
"Moon Bunch","Foreign",35.74,26,1.37,"2005-08-01 00:00:00"
"Magic Mallrats","Children",17.93,7,2.56,"2005-08-01 00:00:00"
"Pianist Outfield","New",38.78,21,1.85,"2006-02-01 00:00:00"
"Alley Evolution","Foreign",46.87,13,3.61,"2005-08-01 00:00:00"
"Dangerous Uptown","Foreign",66.88,12,5.57,"2005-08-01 00:00:00"
"Tequila Past","Children",32.94,6,5.49,"2005-08-01 00:00:00"
"Closer Bang","Comedy",152.76,24,6.37,"2005-08-01 00:00:00"
"Freddy Storm","Horror",115.79,21,5.51,"2005-08-01 00:00:00"
"Jekyll Frogmen","New",78.84,16,4.93,"2005-08-01 00:00:00"
"Clerks Angels","Documentary",45.94,6,7.66,"2005-08-01 00:00:00"
"Heartbreakers Bright","Children",132.80,20,6.64,"2005-08-01 00:00:00"
"Flight Lies","Sports",68.88,12,5.74,"2005-08-01 00:00:00"
"Beverly Outlaw","Sci-Fi",115.79,21,5.51,"2005-08-01 00:00:00"
"Stranger Strangers","Children",65.90,10,6.59,"2005-08-01 00:00:00"
"Fugitive Maguire","Travel",56.89,11,5.17,"2005-08-01 00:00:00"
"Comforts Rush","Travel",69.85,15,4.66,"2005-08-01 00:00:00"
"Earth Vision","New",34.77,23,1.51,"2006-02-01 00:00:00"
"Pelican Comforts","Documentary",165.77,23,7.21,"2005-08-01 00:00:00"
"House Dynamite","Family",65.80,20,3.29,"2005-08-01 00:00:00"
"Neighbors Charade","Sports",62.83,17,3.70,"2005-08-01 00:00:00"
"Shock Cabin","Foreign",96.71,29,3.33,"2006-02-01 00:00:00"
"Greek Everyone","Foreign",55.83,17,3.28,"2005-08-01 00:00:00"
"Craft Outfield","Drama",18.86,14,1.35,"2005-08-01 00:00:00"
"Love Suicides","Horror",22.85,15,1.52,"2005-08-01 00:00:00"
"Grease Youth","Family",27.80,20,1.39,"2005-08-01 00:00:00"
"Jeepers Wedding","Classics",70.87,13,5.45,"2005-08-01 00:00:00"
"Disciple Mother","Travel",39.82,18,2.21,"2006-02-01 00:00:00"
"Requiem Tycoon","Classics",105.82,18,5.88,"2005-08-01 00:00:00"
"Jungle Closer","New",23.88,12,1.99,"2005-08-01 00:00:00"
"Dragon Squad","Action",27.89,11,2.54,"2005-08-01 00:00:00"
"Lawrence Love","Action",15.87,13,1.22,"2005-08-01 00:00:00"
"Prix Undefeated","Family",37.90,10,3.79,"2005-08-01 00:00:00"
"Alamo Videotape","Foreign",30.78,22,1.40,"2005-08-01 00:00:00"
"Adaptation Holes","Documentary",34.89,11,3.17,"2005-08-01 00:00:00"
"Sling Luke","Classics",14.94,6,2.49,"2005-08-01 00:00:00"
"Hunter Alter","Documentary",24.95,5,4.99,"2005-08-01 00:00:00"
"Wars Pluto","Documentary",42.90,10,4.29,"2005-08-01 00:00:00"
"School Jacket","Foreign",35.94,6,5.99,"2005-08-01 00:00:00"
"Seattle Expecations","Drama",125.80,19,6.62,"2006-02-01 00:00:00"
"Contact Anonymous","Travel",78.76,24,3.28,"2005-08-01 00:00:00"
"Rock Instinct","Horror",48.83,17,2.87,"2005-08-01 00:00:00"
"Fireball Philadelphia","Comedy",57.81,19,3.04,"2005-08-01 00:00:00"
"Blindness Gun","Sci-Fi",71.87,13,5.53,"2005-08-01 00:00:00"
"Saturn Name","Comedy",70.87,13,5.45,"2005-08-01 00:00:00"
"Indian Love","Family",46.85,15,3.12,"2005-08-01 00:00:00"
"Snatchers Montezuma","Classics",37.91,9,4.21,"2005-08-01 00:00:00"
"Meet Chocolate","Foreign",56.89,11,5.17,"2005-08-01 00:00:00"
"Videotape Arsenic","Games",148.76,24,6.20,"2005-08-01 00:00:00"
"Maude Mod","Foreign",10.93,7,1.56,"2005-08-01 00:00:00"
"Past Suicides","Foreign",66.88,12,5.57,"2005-08-01 00:00:00"
"Eyes Driving","Sci-Fi",68.84,16,4.30,"2005-08-01 00:00:00"
"Driver Annie","Sports",62.84,16,3.93,"2006-02-01 00:00:00"
"Luke Mummy","Animation",28.93,7,4.13,"2005-08-01 00:00:00"
"Japanese Run","Horror",7.94,6,1.32,"2005-08-01 00:00:00"
"Calendar Gunfight","Foreign",123.82,18,6.88,"2005-08-01 00:00:00"
"Star Operation","Sports",83.80,20,4.19,"2006-02-01 00:00:00"
"Haunting Pianist","Games",47.80,20,2.39,"2005-08-01 00:00:00"
"Kramer Chocolate","Sports",47.91,9,5.32,"2005-08-01 00:00:00"
"Pocus Pulp","Documentary",40.75,25,1.63,"2005-08-01 00:00:00"
"Knock Warlock","Comedy",99.79,21,4.75,"2005-08-01 00:00:00"
"Crow Grease","Action",14.89,11,1.35,"2005-08-01 00:00:00"
"Rocky War","Drama",88.87,13,6.84,"2005-08-01 00:00:00"
"Working Microcosmos","Travel",144.78,22,6.58,"2005-08-01 00:00:00"
"Snowman Rollercoaster","Animation",65.79,21,3.13,"2005-08-01 00:00:00"
"Jingle Sagebrush","Classics",59.89,11,5.44,"2005-08-01 00:00:00"
"Pacific Amistad","Documentary",43.81,19,2.31,"2005-08-01 00:00:00"
"Wanda Chamber","Games",76.86,14,5.49,"2006-02-01 00:00:00"
"Casper Dragonfly","Children",45.93,7,6.56,"2005-08-01 00:00:00"
"Rocketeer Mother","Foreign",97.72,28,3.49,"2005-08-01 00:00:00"
"Feathers Metal","Games",31.91,9,3.55,"2005-08-01 00:00:00"
"Groove Fiction","Sports",40.83,17,2.40,"2005-08-01 00:00:00"
"Orange Grapes","Foreign",61.78,22,2.81,"2005-08-01 00:00:00"
"Boulevard Mob","New",56.84,16,3.55,"2006-02-01 00:00:00"
"Oscar Gold","Animation",83.75,25,3.35,"2005-08-01 00:00:00"
"Holes Brannigan","Sports",75.86,15,5.06,"2006-02-01 00:00:00"
"Gathering Calendar","Games",19.90,10,1.99,"2005-08-01 00:00:00"
"Daisy Menagerie","Sci-Fi",85.86,14,6.13,"2005-08-01 00:00:00"
"Breakfast Goldfinger","New",104.84,16,6.55,"2005-08-01 00:00:00"
"Torque Bound","Drama",169.76,23,7.38,"2006-02-01 00:00:00"
"Timberland Sky","Classics",102.74,26,3.95,"2005-08-01 00:00:00"
"Others Soup","Travel",70.80,20,3.54,"2005-08-01 00:00:00"
"Boiled Dares","Travel",66.87,13,5.14,"2005-08-01 00:00:00"
"Super Wyoming","Family",78.88,12,6.57,"2005-08-01 00:00:00"
"Zoolander Fiction","Children",66.85,15,4.46,"2005-08-01 00:00:00"
"Thin Sagebrush","Documentary",73.89,11,6.72,"2005-08-01 00:00:00"
"Squad Fish","Sports",27.93,7,3.99,"2005-08-01 00:00:00"
"Haunted Antitrust","Travel",31.94,6,5.32,"2006-02-01 00:00:00"
"Trap Guys","Foreign",119.85,15,7.99,"2005-08-01 00:00:00"
"Kick Savannah","Travel",48.83,17,2.87,"2006-02-01 00:00:00"
"Private Drop","Games",26.95,5,5.39,"2005-08-01 00:00:00"
"Trainspotting Strangers","Comedy",46.91,9,5.21,"2005-08-01 00:00:00"
"Fool Mockingbird","Action",162.79,21,7.75,"2005-08-01 00:00:00"
"Menagerie Rushmore","Animation",18.94,6,3.16,"2005-08-01 00:00:00"
"Road Roxanne","Documentary",115.83,17,6.81,"2005-08-01 00:00:00"
"Rules Human","Horror",78.87,13,6.07,"2005-08-01 00:00:00"
"Reunion Witches","Drama",50.82,18,2.82,"2005-08-01 00:00:00"
"Pajama Jawbreaker","Classics",39.86,14,2.85,"2005-08-01 00:00:00"
"Human Graffiti","Games",80.85,15,5.39,"2005-08-01 00:00:00"
"Apocalypse Flamingos","New",24.95,5,4.99,"2005-08-01 00:00:00"
"Ballroom Mockingbird","Foreign",9.93,7,1.42,"2005-08-01 00:00:00"
"Pirates Roxanne","Sports",45.81,18,2.55,"2006-02-01 00:00:00"
"Malkovich Pet","Classics",75.77,23,3.29,"2005-08-01 00:00:00"
"Shrunk Divine","Action",46.87,13,3.61,"2005-08-01 00:00:00"
"Steel Santa","Classics",136.78,22,6.22,"2005-08-01 00:00:00"
"Goodfellas Salute","Sci-Fi",164.75,25,6.59,"2005-08-01 00:00:00"
"Reap Unfaithful","Horror",62.84,16,3.93,"2005-08-01 00:00:00"
"Velvet Terminator","Comedy",152.77,23,6.64,"2005-08-01 00:00:00"
"Badman Dawn","Sci-Fi",76.79,21,3.66,"2005-08-01 00:00:00"
"Jaws Harry","Comedy",59.87,13,4.61,"2005-08-01 00:00:00"
"Stallion Sundance","Sci-Fi",7.94,6,1.32,"2005-08-01 00:00:00"
"Temple Attraction","Horror",57.90,10,5.79,"2005-08-01 00:00:00"
"Storm Happiness","Animation",42.74,26,1.64,"2005-08-01 00:00:00"
"Egypt Tenenbaums","Horror",66.84,16,4.18,"2005-08-01 00:00:00"
"Desire Alien","Animation",25.92,8,3.24,"2005-08-01 00:00:00"
"Bedazzled Married","Family",14.88,12,1.24,"2005-08-01 00:00:00"
"Troopers Metal","New",46.86,14,3.35,"2005-08-01 00:00:00"
"Park Citizen","Action",48.94,6,8.16,"2005-08-01 00:00:00"
"Wisdom Worker","Comedy",29.91,9,3.32,"2005-08-01 00:00:00"
"Mystic Truman","Comedy",17.92,8,2.24,"2005-08-01 00:00:00"
"Hedwig Alter","Comedy",31.90,10,3.19,"2005-08-01 00:00:00"
"Bunch Minds","Drama",25.95,5,5.19,"2005-08-01 00:00:00"
"Speed Suit","Travel",44.92,8,5.62,"2005-08-01 00:00:00"
"Warlock Werewolf","Children",21.94,6,3.66,"2005-08-01 00:00:00"
"Translation Summer","Drama",25.87,13,1.99,"2005-08-01 00:00:00"
"Confused Candles","Family",99.84,16,6.24,"2005-08-01 00:00:00"
"Devil Desire","Action",78.86,14,5.63,"2006-02-01 00:00:00"
"Chicago North","Games",84.85,15,5.66,"2005-08-01 00:00:00"
"Vanilla Day","Games",52.91,9,5.88,"2005-08-01 00:00:00"
"State Wasteland","Games",55.89,12,4.66,"2006-02-01 00:00:00"
"Wedding Apollo","Documentary",71.79,21,3.42,"2006-02-01 00:00:00"
"Peach Innocent","Sports",80.86,13,6.22,"2006-02-01 00:00:00"
"Volcano Texas","Games",32.81,19,1.73,"2006-02-01 00:00:00"
"Detective Vision","Classics",62.76,24,2.62,"2006-02-01 00:00:00"
"Divine Resurrection","Games",64.85,15,4.32,"2006-02-01 00:00:00"
"Jet Neighbors","Foreign",92.83,17,5.46,"2005-08-01 00:00:00"
"Hunger Roof","Foreign",19.88,12,1.66,"2006-02-01 00:00:00"
"Beethoven Exorcist","Drama",16.89,11,1.54,"2005-08-01 00:00:00"
"Modern Dorado","Documentary",42.88,12,3.57,"2005-08-01 00:00:00"
"Sunrise League","Animation",155.78,22,7.08,"2005-08-01 00:00:00"
"Graduate Lord","Children",42.87,13,3.30,"2005-08-01 00:00:00"
"Paradise Sabrina","Comedy",79.82,18,4.43,"2005-08-01 00:00:00"
"Fish Opus","Sci-Fi",94.78,22,4.31,"2005-08-01 00:00:00"
"Connection Microcosmos","Comedy",8.95,5,1.79,"2006-02-01 00:00:00"
"Voyage Legally","Classics",42.75,25,1.71,"2005-08-01 00:00:00"
"Hotel Happiness","Foreign",41.92,8,5.24,"2005-08-01 00:00:00"
"Coast Rainbow","Documentary",37.82,18,2.10,"2005-08-01 00:00:00"
"Stepmom Dream","Foreign",99.81,19,5.25,"2005-08-01 00:00:00"
"Mod Secretary","Documentary",48.91,9,5.43,"2005-08-01 00:00:00"
"Vacation Boondock","Sci-Fi",89.81,19,4.73,"2005-08-01 00:00:00"
"Coma Head","Travel",122.77,23,5.34,"2005-08-01 00:00:00"
"Comancheros Enemy","Children",9.94,6,1.66,"2005-08-01 00:00:00"
"Wait Cider","Animation",73.82,18,4.10,"2005-08-01 00:00:00"
"Rush Goodfellas","Family",81.72,28,2.92,"2005-08-01 00:00:00"
"Liberty Magnificent","Sports",67.89,11,6.17,"2005-08-01 00:00:00"
"Cabin Flash","Children",39.86,14,2.85,"2005-08-01 00:00:00"
"Amistad Midsummer","New",70.79,21,3.37,"2006-02-01 00:00:00"
"Slacker Liaisons","Drama",86.84,16,5.43,"2005-08-01 00:00:00"
"Cupboard Sinners","Documentary",103.78,22,4.72,"2005-08-01 00:00:00"
"Eagles Panky","New",134.81,19,7.10,"2006-02-01 00:00:00"
"Minds Truman","Action",144.81,19,7.62,"2005-08-01 00:00:00"
"Wonderland Christmas","Sci-Fi",142.79,21,6.80,"2005-08-01 00:00:00"
"Grinch Massage","Games",76.86,14,5.49,"2005-08-01 00:00:00"
"Summer Scarface","Classics",32.86,14,2.35,"2006-02-01 00:00:00"
"Luck Opus","Drama",21.93,7,3.13,"2005-08-01 00:00:00"
"Quest Mussolini","Action",77.80,20,3.89,"2005-08-01 00:00:00"
"Braveheart Human","Family",16.95,5,3.39,"2005-08-01 00:00:00"
"Deceiver Betrayed","Drama",24.80,20,1.24,"2005-08-01 00:00:00"
"Dracula Crystal","Classics",22.81,19,1.20,"2005-08-01 00:00:00"
"Boogie Amelie","Music",140.74,25,5.63,"2006-02-01 00:00:00"
"Wasteland Divine","Classics",40.88,12,3.41,"2005-08-01 00:00:00"
"Crazy Home","Comedy",26.91,9,2.99,"2005-08-01 00:00:00"
"Jedi Beneath","Family",20.82,18,1.16,"2005-08-01 00:00:00"
"Illusion Amelie","Foreign",34.87,13,2.68,"2005-08-01 00:00:00"
"Oleander Clue","Music",24.91,9,2.77,"2005-08-01 00:00:00"
"Gosford Donnie","Action",48.92,8,6.12,"2005-08-01 00:00:00"
"Encounters Curtain","Drama",38.82,18,2.16,"2005-08-01 00:00:00"
"Telegraph Voyage","Music",215.75,25,8.63,"2005-08-01 00:00:00"
"Mockingbird Hollywood","Action",53.78,22,2.44,"2006-02-01 00:00:00"
"Go Purple","Music",43.83,17,2.58,"2005-08-01 00:00:00"
"Intrigue Worst","Foreign",36.81,19,1.94,"2006-02-01 00:00:00"
"Strangers Graffiti","Horror",104.86,14,7.49,"2005-08-01 00:00:00"
"Alter Victory","Animation",30.80,20,1.54,"2005-08-01 00:00:00"
"Lights Deer","Classics",7.93,7,1.13,"2005-08-01 00:00:00"
"Bill Others","Documentary",63.82,18,3.55,"2005-08-01 00:00:00"
"Army Flintstones","Documentary",36.86,14,2.63,"2005-08-01 00:00:00"
"Hope Tootsie","Classics",72.83,17,4.28,"2005-08-01 00:00:00"
"Home Pity","Music",66.88,12,5.57,"2005-08-01 00:00:00"
"Speakeasy Date","Action",41.89,11,3.81,"2005-08-01 00:00:00"
"Willow Tracy","Family",52.85,15,3.52,"2005-08-01 00:00:00"
"Splendor Patton","Children",40.79,21,1.94,"2005-08-01 00:00:00"
"Deep Crusade","Documentary",75.87,13,5.84,"2006-02-01 00:00:00"
"Raging Airplane","Sci-Fi",77.88,12,6.49,"2005-08-01 00:00:00"
"Snatch Slipper","Comedy",117.80,20,5.89,"2005-08-01 00:00:00"
"Pollock Deliverance","Foreign",66.82,17,3.93,"2006-02-01 00:00:00"
"Hellfighters Sierra","Foreign",92.81,19,4.88,"2005-08-01 00:00:00"
"Feud Frogmen","Family",31.80,20,1.59,"2005-08-01 00:00:00"
"Montezuma Command","Action",11.91,9,1.32,"2005-08-01 00:00:00"
"Dolls Rage","Sci-Fi",27.92,8,3.49,"2005-08-01 00:00:00"
"Scarface Bang","Children",106.84,16,6.68,"2006-02-01 00:00:00"
"Jade Bunch","Sports",53.85,15,3.59,"2005-08-01 00:00:00"
"Mile Mulan","Sports",33.89,11,3.08,"2005-08-01 00:00:00"
"Perfect Groove","Comedy",53.84,16,3.37,"2005-08-01 00:00:00"
"Mars Roman","Games",30.83,17,1.81,"2005-08-01 00:00:00"
"Butterfly Chocolat","New",108.74,26,4.18,"2005-08-01 00:00:00"
"Elizabeth Shane","Sports",36.93,7,5.28,"2005-08-01 00:00:00"
"Scissorhands Slums","Foreign",42.88,12,3.57,"2005-08-01 00:00:00"
"Santa Paris","Children",29.90,10,2.99,"2005-08-01 00:00:00"
"Carrie Bunch","Horror",34.77,23,1.51,"2005-08-01 00:00:00"
"Confessions Maguire","Drama",70.87,13,5.45,"2005-08-01 00:00:00"
"Spartacus Cheaper","Family",60.91,9,6.77,"2005-08-01 00:00:00"
"Window Side","Travel",50.89,11,4.63,"2006-02-01 00:00:00"
"Chamber Italian","Music",65.88,13,5.07,"2006-02-01 00:00:00"
"Splash Gump","Family",33.86,14,2.42,"2005-08-01 00:00:00"
"Waterfront Deliverance","Action",116.84,16,7.30,"2005-08-01 00:00:00"
"Victory Academy","Sports",12.91,9,1.43,"2005-08-01 00:00:00"
"Searchers Wait","Comedy",75.86,14,5.42,"2005-08-01 00:00:00"
"Grapes Fury","Foreign",56.77,22,2.58,"2006-02-01 00:00:00"
"Vietnam Smoochy","Drama",21.86,14,1.56,"2005-08-01 00:00:00"
"Princess Giant","Documentary",121.77,24,5.07,"2006-02-01 00:00:00"
"Lonely Elephant","Comedy",65.87,13,5.07,"2005-08-01 00:00:00"
"License Weekend","Sci-Fi",17.94,6,2.99,"2005-08-01 00:00:00"
"Wash Heavenly","Foreign",104.80,20,5.24,"2005-08-01 00:00:00"
"Movie Shakespeare","Family",125.78,23,5.47,"2006-02-01 00:00:00"
"Image Princess","Sports",76.86,14,5.49,"2005-08-01 00:00:00"
"Attacks Hate","Sci-Fi",101.84,16,6.37,"2005-08-01 00:00:00"
"Galaxy Sweethearts","Classics",105.84,16,6.62,"2005-08-01 00:00:00"
"Saddle Antitrust","Comedy",32.89,11,2.99,"2005-08-01 00:00:00"
"Texas Watch","Horror",5.94,6,0.99,"2005-08-01 00:00:00"
"Basic Easy","Travel",87.80,20,4.39,"2006-02-01 00:00:00"
"Hanover Galaxy","Music",81.86,14,5.85,"2005-08-01 00:00:00"
"Midnight Westward","Action",38.84,16,2.43,"2006-02-01 00:00:00"
"Sleeping Suspects","Horror",121.78,22,5.54,"2006-02-01 00:00:00"
"Roots Remember","Classics",37.86,14,2.70,"2005-08-01 00:00:00"
"Fantasy Troopers","Action",35.79,21,1.70,"2005-08-01 00:00:00"
"Suspects Quills","Action",118.73,27,4.40,"2006-02-01 00:00:00"
"Outlaw Hanky","Travel",73.86,14,5.28,"2006-02-01 00:00:00"
"Mask Peach","New",49.86,14,3.56,"2005-08-01 00:00:00"
"Scalawag Duck","Music",157.71,29,5.44,"2005-08-01 00:00:00"
"Reef Salute","Horror",23.89,11,2.17,"2005-08-01 00:00:00"
"Shining Roses","Travel",22.92,8,2.87,"2005-08-01 00:00:00"
"Cincinatti Whisperer","Sci-Fi",71.89,11,6.54,"2006-02-01 00:00:00"
"Werewolf Lola","Action",68.88,12,5.74,"2005-08-01 00:00:00"
"Doubtfire Labyrinth","Foreign",52.91,9,5.88,"2005-08-01 00:00:00"
"Peak Forever","Sports",94.82,18,5.27,"2005-08-01 00:00:00"
"Bugsy Song","Foreign",45.91,9,5.10,"2005-08-01 00:00:00"
"Sleepy Japanese","New",76.83,18,4.27,"2006-02-01 00:00:00"
"Garden Island","Sci-Fi",134.82,18,7.49,"2005-08-01 00:00:00"
"Rings Heartbreakers","Action",31.87,13,2.45,"2005-08-01 00:00:00"
"Color Philadelphia","Classics",87.78,22,3.99,"2005-08-01 00:00:00"
"Vision Torque","Foreign",11.94,6,1.99,"2005-08-01 00:00:00"
"Tracy Cider","Animation",78.76,24,3.28,"2005-08-01 00:00:00"
"Spoilers Hellfighters","Documentary",18.91,9,2.10,"2005-08-01 00:00:00"
"Reds Pocus","Music",47.92,8,5.99,"2005-08-01 00:00:00"
"Crooked Frogmen","Children",38.79,21,1.85,"2006-02-01 00:00:00"
"Ferris Mother","Comedy",70.85,15,4.72,"2005-08-01 00:00:00"
"Twisted Pirates","Children",66.89,11,6.08,"2005-08-01 00:00:00"
"Robbers Joon","Children",85.74,26,3.30,"2005-08-01 00:00:00"
"Fidelity Devil","Horror",117.82,18,6.55,"2005-08-01 00:00:00"
"Ghostbusters Elf","Animation",8.93,7,1.28,"2005-08-01 00:00:00"
"Conversation Downhill","Family",114.83,17,6.75,"2006-02-01 00:00:00"
"Network Peak","Family",116.73,27,4.32,"2005-08-01 00:00:00"
"Right Cranes","Classics",52.90,10,5.29,"2005-08-01 00:00:00"
"Monsoon Cause","Games",54.91,9,6.10,"2005-08-01 00:00:00"
"Resurrection Silverado","Family",24.81,19,1.31,"2005-08-01 00:00:00"
"Atlantis Cause","Family",75.79,21,3.61,"2005-08-01 00:00:00"
"Curtain Videotape","Games",34.77,24,1.45,"2006-02-01 00:00:00"
"Paycheck Wait","Drama",101.84,16,6.37,"2005-08-01 00:00:00"
"Teen Apollo","Travel",109.86,14,7.85,"2005-08-01 00:00:00"
"Chicken Hellfighters","Documentary",58.81,19,3.10,"2005-08-01 00:00:00"
"Matrix Snowman","Foreign",40.92,8,5.12,"2005-08-01 00:00:00"
"Everyone Craft","Foreign",22.89,11,2.08,"2005-08-01 00:00:00"
"Siege Madre","Family",16.86,14,1.20,"2005-08-01 00:00:00"
"Flash Wars","New",87.88,12,7.32,"2005-08-01 00:00:00"
"Academy Dinosaur","Documentary",33.79,21,1.61,"2005-08-01 00:00:00"
"Gunfight Moon","Comedy",46.79,21,2.23,"2006-02-01 00:00:00"
"Destination Jerk","Drama",31.92,8,3.99,"2005-08-01 00:00:00"
"Darkness War","Drama",45.88,12,3.82,"2005-08-01 00:00:00"
"Trouble Date","Travel",70.81,20,3.54,"2006-02-01 00:00:00"
"Theory Mermaid","Animation",30.88,11,2.81,"2006-02-01 00:00:00"
"Open African","Sci-Fi",103.81,19,5.46,"2005-08-01 00:00:00"
"Sassy Packer","Games",14.88,12,1.24,"2005-08-01 00:00:00"
"Massacre Usual","Games",149.75,25,5.99,"2005-08-01 00:00:00"
"Anaconda Confessions","Animation",51.82,18,2.88,"2005-08-01 00:00:00"
"Stagecoach Armageddon","Action",138.77,23,6.03,"2005-08-01 00:00:00"
"Chitty Lock","Drama",28.92,8,3.62,"2006-02-01 00:00:00"
"Apache Divine","Family",160.72,28,5.74,"2005-08-01 00:00:00"
"Pickup Driving","Sports",93.85,15,6.26,"2005-08-01 00:00:00"
"Camelot Vacation","Sci-Fi",93.76,24,3.91,"2006-02-01 00:00:00"
"South Wait","Action",102.79,21,4.89,"2006-02-01 00:00:00"
"Ship Wonderland","Documentary",44.86,14,3.20,"2005-08-01 00:00:00"
"Jason Trap","Family",97.77,23,4.25,"2006-02-01 00:00:00"
"Blackout Private","Animation",78.77,23,3.42,"2005-08-01 00:00:00"
"Element Freddy","Comedy",56.90,10,5.69,"2005-08-01 00:00:00"
"Valentine Vanishing","Travel",12.90,10,1.29,"2005-08-01 00:00:00"
"Island Exorcist","Classics",76.77,23,3.34,"2005-08-01 00:00:00"
"Newton Labyrinth","Foreign",46.84,16,2.93,"2005-08-01 00:00:00"
"Doom Dancing","Comedy",58.83,17,3.46,"2005-08-01 00:00:00"
"Jerk Paycheck","Classics",104.81,19,5.52,"2005-08-01 00:00:00"
"Streetcar Intentions","Horror",137.77,23,5.99,"2005-08-01 00:00:00"
"Fiddler Lost","Sci-Fi",64.90,10,6.49,"2005-08-01 00:00:00"
"Papi Necklace","Travel",27.93,7,3.99,"2005-08-01 00:00:00"
"Armageddon Lost","Sci-Fi",41.80,20,2.09,"2006-02-01 00:00:00"
"Coldblooded Darling","Sci-Fi",89.84,16,5.62,"2005-08-01 00:00:00"
"Motions Details","Horror",25.87,14,1.85,"2006-02-01 00:00:00"
"Wizard Coldblooded","Music",90.85,15,6.06,"2005-08-01 00:00:00"
"Forever Candidate","Children",40.88,12,3.41,"2005-08-01 00:00:00"
"Zhivago Core","Horror",10.93,7,1.56,"2006-02-01 00:00:00"
"Effect Gladiator","Family",40.79,21,1.94,"2006-02-01 00:00:00"
"Lolita World","Family",45.91,9,5.10,"2005-08-01 00:00:00"
"Harper Dying","Animation",77.80,20,3.89,"2005-08-01 00:00:00"
"Robbery Bright","Family",32.88,12,2.74,"2005-08-01 00:00:00"
"Ending Crowds","New",17.90,10,1.79,"2005-08-01 00:00:00"
"Saints Bride","Drama",31.92,8,3.99,"2005-08-01 00:00:00"
"Stage World","Comedy",46.90,10,4.69,"2005-08-01 00:00:00"
"Virginian Pluto","Documentary",47.75,25,1.91,"2006-02-01 00:00:00"
"Masked Bubble","Music",24.81,19,1.31,"2005-08-01 00:00:00"
"Clueless Bucket","Action",105.77,23,4.60,"2005-08-01 00:00:00"
"Weekend Personal","Sci-Fi",71.83,17,4.23,"2005-08-01 00:00:00"
"Leathernecks Dwarfs","Travel",21.94,6,3.66,"2005-08-01 00:00:00"
"Goldfinger Sensibility","Drama",67.79,21,3.23,"2005-08-01 00:00:00"
"Hollow Jeopardy","Sci-Fi",39.92,8,4.99,"2005-08-01 00:00:00"
"Lovely Jingle","Classics",62.87,13,4.84,"2006-02-01 00:00:00"
"Alabama Devil","Horror",71.88,12,5.99,"2005-08-01 00:00:00"
"Shanghai Tycoon","Travel",43.86,14,3.13,"2005-08-01 00:00:00"
"Drop Waterfront","Sports",43.92,8,5.49,"2005-08-01 00:00:00"
"Virgin Daisy","Drama",86.84,16,5.43,"2005-08-01 00:00:00"
"Fargo Gandhi","Children",94.79,21,4.51,"2005-08-01 00:00:00"
"Anything Savannah","Horror",43.92,8,5.49,"2005-08-01 00:00:00"
"Roxanne Rebel","Games",29.83,17,1.75,"2005-08-01 00:00:00"
"Mighty Luck","Documentary",31.90,10,3.19,"2005-08-01 00:00:00"
"Taxi Kick","Music",34.83,17,2.05,"2005-08-01 00:00:00"
"Bringing Hysterical","Comedy",68.81,19,3.62,"2005-08-01 00:00:00"
