"film_title","category","inventory_count","total_rentals","total_revenue","last_rental_date","average_rental_duration"
"Scalawag Duck","Music",29,29,157.71,"2005-08-23 17:13:01",6
"Juggler Hardly","Animation",29,29,86.71,"2006-02-14 15:16:03",4
"Shock Cabin","Foreign",29,29,96.71,"2006-02-14 15:16:03",7
"Apache Divine","Family",28,28,160.72,"2005-08-23 15:10:42",5
"Frost Head","Classics",28,28,74.72,"2006-02-14 15:16:03",5
"Rocketeer Mother","Foreign",28,28,97.72,"2005-08-23 20:10:13",3
"Rush Goodfellas","Family",28,28,81.72,"2005-08-22 10:29:44",3
"Rugrats Shakespeare","Action",28,28,67.72,"2005-08-23 20:47:28",4
"Grit Clockwork","Games",28,28,97.72,"2005-08-23 13:46:27",3
"Dogma Family","Animation",28,28,168.72,"2005-08-23 05:24:29",5
"Zorro Ark","Comedy",28,28,199.72,"2005-08-23 17:56:01",3
"Bucket Brotherhood","Travel",28,28,150.72,"2005-08-23 21:49:22",7
"Ridgemont Submarine","New",28,28,110.72,"2006-02-14 15:16:03",3
"Gleaming Jawbreaker","Sports",27,27,125.72,"2006-02-14 15:16:03",5
"Harry Idaho","Drama",27,27,177.73,"2006-02-14 15:16:03",5
"Sweethearts Suspects","Children",27,27,93.73,"2006-02-14 15:16:03",3
"Muscle Bright","Travel",27,27,86.73,"2005-08-23 00:07:53",7
"Wife Turn","Documentary",27,27,198.73,"2005-08-23 14:47:26",3
"Spy Mile","Games",27,27,94.73,"2005-08-22 16:37:36",6
"Greatest North","Music",27,27,103.73,"2005-08-23 16:32:10",5
"Cat Coneheads","Comedy",27,27,159.73,"2006-02-14 15:16:03",5
"Primary Glass","Action",27,27,36.73,"2005-08-21 08:58:38",7
"Titans Jerk","Sci-Fi",27,27,186.73,"2006-02-14 15:16:03",4
"Suspects Quills","Action",27,27,118.73,"2006-02-14 15:16:03",4
"Network Peak","Family",27,27,116.73,"2005-08-23 09:07:11",5
"Hobbit Alien","Drama",26,26,68.74,"2005-08-22 13:06:26",5
"Timberland Sky","Classics",26,26,102.74,"2005-08-23 00:53:57",3
"Moon Bunch","Foreign",26,26,35.74,"2005-08-22 10:49:06",7
"Forrester Comancheros","Animation",26,26,141.74,"2006-02-14 15:16:03",7
"Invasion Cyclone","Children",26,26,100.74,"2005-08-23 17:00:12",5
"Pulp Beverly","Horror",26,26,121.74,"2006-02-14 15:16:03",4
"Trip Newton","Action",26,26,135.74,"2005-08-23 11:37:32",7
"English Bulworth","Sci-Fi",26,26,99.74,"2005-08-23 18:43:11",3
"Storm Happiness","Animation",26,26,42.74,"2005-08-22 20:44:35",6
"Married Go","Sci-Fi",26,26,84.74,"2005-08-22 19:56:41",7
"Forward Temple","Games",26,26,102.74,"2005-08-23 12:29:24",6
"Story Side","Action",26,26,35.74,"2005-08-23 17:48:30",7
"Giant Troopers","Children",26,26,100.74,"2005-08-22 16:57:02",5
"Butterfly Chocolat","New",26,26,108.74,"2005-08-22 20:47:48",3
"Lose Inch","Foreign",26,26,77.74,"2005-08-22 09:25:24",3
"Loathing Legally","Classics",26,26,62.74,"2006-02-14 15:16:03",4
"Innocent Usual","Foreign",26,26,191.74,"2005-08-22 15:22:15",3
"Saturday Lambs","Sports",26,26,190.74,"2005-08-23 19:42:04",3
"Family Sweet","Horror",26,26,60.73,"2006-02-14 15:16:03",4
"Expendable Stallion","Documentary",26,26,94.74,"2005-08-23 12:47:37",3
"Graffiti Love","Sci-Fi",26,26,67.74,"2005-08-23 15:03:58",3
"Robbers Joon","Children",26,26,85.74,"2005-08-22 04:09:18",7
"Operation Operation","Comedy",25,25,80.75,"2006-02-14 15:16:03",7
"Oscar Gold","Animation",25,25,83.75,"2005-08-23 15:09:17",7
"Boogie Amelie","Music",25,25,140.74,"2006-02-14 15:16:03",6
"Enemy Odds","Music",25,25,159.75,"2005-08-21 10:10:01",5
"None Spiking","Sci-Fi",25,25,79.75,"2006-02-14 15:16:03",3
"Horror Reign","Travel",25,25,77.75,"2005-08-23 13:10:16",3
"Pocus Pulp","Documentary",25,25,40.75,"2005-08-23 15:21:19",6
"Voyage Legally","Classics",25,25,42.75,"2005-08-23 22:26:47",6
"Massacre Usual","Games",25,25,149.75,"2005-08-23 17:02:00",6
"Witches Panic","Drama",25,25,146.75,"2005-08-23 09:16:39",6
"Goodfellas Salute","Sci-Fi",25,25,164.75,"2005-08-23 18:08:19",4
"Telegraph Voyage","Music",25,25,215.75,"2005-08-23 08:27:57",3
"Westward Seabiscuit","Classics",25,25,36.75,"2005-08-23 08:34:10",7
"Deer Virginian","Music",25,25,78.76,"2006-02-14 15:16:03",7
"Virginian Pluto","Documentary",25,25,47.75,"2006-02-14 15:16:03",5
"Bingo Talented","Sci-Fi",25,25,119.75,"2005-08-22 22:30:50",5
"Closer Bang","Comedy",24,24,152.76,"2005-08-22 21:28:59",5
"Curtain Videotape","Games",24,24,34.77,"2006-02-14 15:16:03",7
"Idols Snatchers","Children",24,24,88.76,"2005-08-23 20:27:34",5
"Camelot Vacation","Sci-Fi",24,24,93.76,"2006-02-14 15:16:03",3
"Tracy Cider","Animation",24,24,78.76,"2005-08-23 14:02:13",3
"Telemark Heartbreakers","Animation",24,24,88.76,"2005-08-23 06:19:12",6
"Princess Giant","Documentary",24,24,121.77,"2006-02-14 15:16:03",3
"Chance Resurrection","Sports",24,24,124.76,"2005-08-23 16:30:55",3
"Goldmine Tycoon","Sci-Fi",24,24,43.76,"2005-08-22 12:47:45",6
"Tomorrow Hustler","Classics",24,24,101.76,"2005-08-23 22:20:26",3
"Samurai Lion","New",24,24,101.76,"2005-08-23 08:59:12",5
"Dancing Fever","Documentary",24,24,49.76,"2005-08-22 11:11:51",6
"Detective Vision","Classics",24,24,62.76,"2006-02-14 15:16:03",4
"Confidential Interview","Music",24,24,136.76,"2005-08-23 15:22:15",6
"Bound Cheaper","Classics",24,24,50.76,"2006-02-14 15:16:03",5
"Videotape Arsenic","Games",24,24,148.76,"2005-08-22 15:29:15",4
"Fellowship Autumn","Travel",24,24,137.76,"2005-08-22 13:39:20",6
"Contact Anonymous","Travel",24,24,78.76,"2005-08-21 23:08:33",7
"Talented Homicide","Sports",24,24,34.76,"2005-08-23 03:46:47",6
"Seabiscuit Punk","Sports",24,24,86.76,"2006-02-14 15:16:03",6
"Tights Dawn","Sports",24,24,54.76,"2005-08-23 07:07:22",5
"Durham Panky","Sports",24,24,132.76,"2005-08-22 01:12:44",6
"Lies Treatment","Drama",24,24,131.76,"2005-08-20 23:07:10",7
"Metropolis Coma","Sci-Fi",24,24,116.76,"2005-08-22 13:19:25",4
"Coneheads Smoochy","Drama",24,24,131.76,"2005-08-23 16:57:43",7
"Gilmore Boiled","Classics",24,24,52.76,"2005-08-22 17:18:32",5
"Handicap Boondock","Action",24,24,50.76,"2005-08-22 18:04:22",4
"Brotherhood Blanket","Documentary",23,23,98.77,"2005-08-22 22:57:25",3
"Trading Pinocchio","Sports",23,23,133.77,"2006-02-14 15:16:03",6
"Madness Attacks","Foreign",23,23,65.77,"2005-08-22 17:27:23",4
"Malkovich Pet","Classics",23,23,75.77,"2005-08-23 14:23:23",6
"Stagecoach Armageddon","Action",23,23,138.77,"2005-08-23 16:19:02",5
"Pelican Comforts","Documentary",23,23,165.77,"2005-08-23 21:07:59",4
"Shootist Superfly","Drama",23,23,36.77,"2005-08-23 05:01:13",6
"Earth Vision","New",23,23,34.77,"2006-02-14 15:16:03",7
"Dynamite Tarzan","Classics",23,23,60.77,"2005-08-23 19:06:04",4
"Sun Confessions","Sci-Fi",23,23,50.77,"2005-08-22 10:07:52",5
"Swarm Gold","Horror",23,23,64.77,"2006-02-14 15:16:03",4
"Pity Bound","Drama",23,23,138.77,"2005-08-23 21:25:03",5
"Hyde Doctor","Classics",23,23,95.76,"2006-02-14 15:16:03",5
"Blackout Private","Animation",23,23,78.77,"2005-08-23 01:39:10",7
"Island Exorcist","Classics",23,23,76.77,"2005-08-23 11:28:49",7
"Hurricane Affair","Comedy",23,23,82.77,"2005-08-21 09:04:20",6
"Streetcar Intentions","Horror",23,23,137.77,"2005-08-23 02:08:18",5
"Fatal Haunted","New",23,23,92.77,"2005-08-22 23:55:51",6
"Clueless Bucket","Action",23,23,105.77,"2005-08-23 10:25:45",4
"Coma Head","Travel",23,23,122.77,"2005-08-23 02:06:41",6
"Carrie Bunch","Horror",23,23,34.77,"2005-08-23 21:17:17",7
"Caper Motions","Comedy",23,23,37.77,"2005-08-23 22:18:51",6
"Alaska Phantom","Music",23,23,37.77,"2005-08-23 06:11:52",6
"Horn Working","Animation",23,23,109.77,"2005-08-23 10:04:36",4
"Clash Freddy","Animation",23,23,77.77,"2005-08-23 18:49:32",6
"Aladdin Calendar","Sports",23,23,131.77,"2005-08-21 20:49:21",6
"Range Moonwalker","Family",23,23,158.77,"2005-08-23 11:35:12",3
"Jason Trap","Family",23,23,97.77,"2006-02-14 15:16:03",5
"Strictly Scarface","Comedy",23,23,113.77,"2005-08-23 20:23:08",3
"Wardrobe Phantom","Drama",23,23,80.77,"2005-08-23 15:29:41",6
"Velvet Terminator","Comedy",23,23,152.77,"2005-08-23 18:46:44",3
"Escape Metropolis","Travel",23,23,74.77,"2005-08-23 12:47:16",7
"Roses Treasure","Sports",23,23,137.77,"2005-08-23 18:15:06",5
"Disturbing Scarface","Sci-Fi",23,23,77.77,"2005-08-22 14:26:01",6
"Shepherd Midsummer","Children",23,23,28.77,"2005-08-23 19:51:29",7
"Movie Shakespeare","Family",23,23,125.78,"2006-02-14 15:16:03",6
"Arachnophobia Rollercoaster","Horror",23,23,109.77,"2005-08-22 23:26:32",4
"Lola Agent","Horror",23,23,154.77,"2005-08-22 11:36:16",4
"Hanky October","Sci-Fi",23,23,104.77,"2005-08-23 18:23:30",5
"Torque Bound","Drama",23,23,169.76,"2006-02-14 15:16:03",3
"Color Philadelphia","Classics",22,22,87.78,"2005-08-23 22:06:15",6
"Working Microcosmos","Travel",22,22,144.78,"2005-08-23 02:06:01",4
"Steel Santa","Classics",22,22,136.78,"2005-08-23 17:16:28",4
"Strangelove Desire","Children",22,22,79.78,"2005-08-21 19:12:12",4
"Fish Opus","Sci-Fi",22,22,94.78,"2005-08-23 17:57:35",4
"Barbarella Streetcar","Sci-Fi",22,22,84.78,"2005-08-23 20:45:53",6
"Mallrats United","Comedy",22,22,70.78,"2005-08-23 21:59:57",4
"Ice Crossing","Games",22,22,90.78,"2005-08-23 02:08:40",5
"Grapes Fury","Foreign",22,22,56.77,"2006-02-14 15:16:03",4
"Sleeping Suspects","Horror",22,22,121.78,"2006-02-14 15:16:03",7
"Name Detective","Games",22,22,131.78,"2006-02-14 15:16:03",5
"Balloon Homeward","Music",22,22,91.78,"2005-08-23 00:56:27",5
"Cupboard Sinners","Documentary",22,22,103.78,"2005-08-22 09:37:54",4
"Gangs Pride","Animation",22,22,95.78,"2005-08-23 16:34:31",4
"Drifter Commandments","Action",22,22,131.78,"2006-02-14 15:16:03",5
"Show Lord","Documentary",22,22,145.78,"2005-08-23 16:58:12",3
"Dorado Notting","Music",22,22,140.78,"2005-08-23 18:48:40",5
"Oz Liaisons","Animation",22,22,87.78,"2005-08-23 04:00:30",4
"Titanic Boondock","Animation",22,22,149.78,"2006-02-14 15:16:03",3
"Maiden Home","New",22,22,152.78,"2005-08-23 06:00:28",3
"Heavyweights Beast","Documentary",22,22,123.78,"2005-08-23 03:54:39",6
"Attraction Newton","New",22,22,133.78,"2005-08-21 23:00:02",5
"Alamo Videotape","Foreign",22,22,30.78,"2005-08-22 04:04:31",6
"Mockingbird Hollywood","Action",22,22,53.78,"2006-02-14 15:16:03",4
"Hustler Party","Comedy",22,22,190.78,"2005-08-23 09:42:21",3
"Orange Grapes","Foreign",22,22,61.78,"2005-08-23 20:13:31",4
"Sunrise League","Animation",22,22,155.78,"2005-08-22 11:01:15",3
"Slums Duck","Family",22,22,48.78,"2005-08-22 13:59:19",5
"Half Outfield","Family",22,22,73.79,"2006-02-14 15:16:03",6
"Flamingos Connecticut","New",22,22,134.78,"2005-08-22 19:28:04",4
"Crooked Frogmen","Children",21,21,38.79,"2006-02-14 15:16:03",6
"Liaisons Sweet","Travel",21,21,126.79,"2005-08-22 13:04:32",5
"Wolves Desire","Travel",21,21,24.79,"2005-08-21 21:04:42",7
"Goldfinger Sensibility","Drama",21,21,67.79,"2005-08-22 00:46:54",3
"Celebrity Horn","Action",21,21,28.79,"2005-08-23 14:59:51",7
"Snowman Rollercoaster","Animation",21,21,65.79,"2005-08-23 20:08:26",3
"Affair Prejudice","Horror",21,21,83.79,"2006-02-14 15:16:03",5
"Atlantis Cause","Family",21,21,75.79,"2005-08-19 06:38:59",6
"Gun Bonnie","Games",21,21,30.79,"2005-08-22 19:02:48",7
"Murder Antitrust","Children",21,21,78.79,"2005-08-23 20:47:12",6
"Wind Phantom","Games",21,21,33.79,"2005-08-23 02:39:56",6
"Gunfight Moon","Comedy",21,21,46.79,"2006-02-14 15:16:03",5
"High Encino","Horror",21,21,117.79,"2005-08-22 16:55:26",3
"South Wait","Action",21,21,102.79,"2006-02-14 15:16:03",4
"Fargo Gandhi","Children",21,21,94.79,"2005-08-22 06:29:34",3
"Hills Neighbors","Action",21,21,58.79,"2005-08-23 04:17:56",5
"Double Wrath","Animation",21,21,56.79,"2005-08-23 00:56:01",4
"Philadelphia Wife","Sports",21,21,107.80,"2006-02-14 15:16:03",7
"Fantasy Troopers","Action",21,21,35.79,"2005-08-22 12:16:46",6
"Metal Armageddon","Documentary",21,21,88.79,"2005-08-22 23:58:09",6
"Patton Interview","Horror",21,21,94.79,"2005-08-23 08:52:50",4
"Knock Warlock","Comedy",21,21,99.79,"2005-08-22 10:14:33",4
"Queen Luke","Drama",21,21,128.79,"2006-02-14 15:16:03",5
"Pianist Outfield","New",21,21,38.78,"2006-02-14 15:16:03",6
"Sabrina Midnight","Children",21,21,126.79,"2005-08-21 20:53:40",5
"Academy Dinosaur","Documentary",21,21,33.79,"2005-08-23 01:01:01",6
"Splendor Patton","Children",21,21,40.79,"2005-08-23 14:23:03",5
"Yentl Idaho","Horror",21,21,122.79,"2005-08-23 18:50:54",5
"Jumping Wrath","Children",21,21,67.79,"2005-08-23 17:09:31",4
"Scorpion Apollo","Drama",21,21,158.79,"2005-08-23 22:19:33",3
"Kiss Glory","Foreign",21,21,126.79,"2005-08-22 06:39:24",5
"Effect Gladiator","Family",21,21,40.79,"2006-02-14 15:16:03",6
"Nightmare Chill","Games",21,21,148.79,"2005-08-23 20:40:31",3
"Amistad Midsummer","New",21,21,70.79,"2006-02-14 15:16:03",6
"Wonderland Christmas","Sci-Fi",21,21,142.79,"2005-08-23 19:54:24",4
"Beverly Outlaw","Sci-Fi",21,21,115.79,"2005-08-23 15:19:15",3
"Chill Luck","Drama",21,21,29.79,"2005-08-23 21:27:11",6
"Head Stranger","Games",21,21,142.79,"2005-08-23 04:51:52",4
"Beauty Grease","Drama",21,21,125.79,"2005-08-23 21:34:33",5
"Wedding Apollo","Documentary",21,21,71.79,"2006-02-14 15:16:03",3
"Freddy Storm","Horror",21,21,115.79,"2005-08-23 00:30:26",6
"Center Dinosaur","Classics",21,21,121.79,"2006-02-14 15:16:03",5
"Downhill Enough","Comedy",21,21,72.79,"2005-08-23 18:08:59",3
"Fool Mockingbird","Action",21,21,162.79,"2005-08-22 07:37:24",3
"Roman Punk","Music",21,21,25.79,"2005-08-23 15:59:12",7
"Arizona Bang","Classics",21,21,104.79,"2005-08-23 05:08:58",3
"Maltese Hope","Games",21,21,118.79,"2005-08-23 16:43:54",6
"Badman Dawn","Sci-Fi",21,21,76.79,"2005-08-23 15:23:50",6
"Whisperer Giant","Sci-Fi",20,20,141.80,"2005-08-23 13:41:05",4
"Angels Life","New",20,20,103.80,"2005-08-23 13:46:00",3
"Moonshine Cabin","Games",20,20,131.80,"2005-08-22 19:37:20",4
"Blade Polish","Drama",20,20,29.81,"2006-02-14 15:16:03",5
"Divide Monster","Sci-Fi",20,20,61.80,"2005-08-20 14:23:16",6
"Packer Madigan","Animation",20,20,58.80,"2005-08-23 02:02:53",3
"Trouble Date","Travel",20,20,70.81,"2006-02-14 15:16:03",6
"Harper Dying","Animation",20,20,77.80,"2005-08-23 21:59:26",3
"Fight Jawbreaker","Animation",20,20,53.80,"2006-02-14 15:16:03",3
"Women Dorado","Action",20,20,38.81,"2006-02-14 15:16:03",4
"Alter Victory","Animation",20,20,30.80,"2005-08-23 03:44:51",6
"Kwai Homeward","Drama",20,20,42.80,"2005-08-22 19:44:00",5
"Banger Pinocchio","Music",20,20,40.80,"2005-08-23 21:01:09",5
"Amadeus Holy","Action",20,20,32.80,"2006-02-14 15:16:03",6
"House Dynamite","Family",20,20,65.80,"2005-08-23 20:16:27",7
"Heartbreakers Bright","Children",20,20,132.80,"2005-08-23 18:54:32",3
"Candles Grapes","Games",20,20,111.80,"2005-08-22 06:49:29",6
"Easy Gladiator","Action",20,20,132.80,"2005-08-21 09:06:29",5
"Gentlemen Stage","Foreign",20,20,70.80,"2005-08-22 01:17:18",6
"Basic Easy","Travel",20,20,87.80,"2006-02-14 15:16:03",4
"Shakespeare Saddle","Sports",20,20,76.80,"2005-08-22 02:26:33",6
"Salute Apollo","New",20,20,95.80,"2005-08-22 19:09:52",4
"Crossroads Casualties","Animation",20,20,74.80,"2005-08-23 12:47:05",5
"Truman Crazy","Action",20,20,104.80,"2005-08-22 21:18:59",7
"Money Harold","New",20,20,111.80,"2005-08-22 10:55:45",3
"Snatch Slipper","Comedy",20,20,117.80,"2005-08-23 15:34:46",6
"Grease Youth","Family",20,20,27.80,"2005-08-23 15:15:19",7
"Wash Heavenly","Foreign",20,20,104.80,"2005-08-21 22:53:01",7
"Borrowers Bedazzled","Animation",20,20,25.80,"2005-08-23 17:42:42",7
"Feud Frogmen","Family",20,20,31.80,"2005-08-22 16:11:32",6
"Star Operation","Sports",20,20,83.80,"2006-02-14 15:16:03",5
"Armageddon Lost","Sci-Fi",20,20,41.80,"2006-02-14 15:16:03",5
"Alien Center","Foreign",20,20,84.80,"2005-08-23 19:21:22",5
"Deceiver Betrayed","Drama",20,20,24.80,"2005-08-22 17:53:06",7
"Wrong Behavior","Children",20,20,62.80,"2005-08-23 18:54:07",6
"Excitement Eve","Action",20,20,61.80,"2005-08-22 15:52:57",3
"Others Soup","Travel",20,20,70.80,"2005-08-23 13:05:10",7
"Haunting Pianist","Games",20,20,47.80,"2005-08-23 16:15:45",5
"Sting Personal","New",20,20,149.80,"2005-08-23 22:21:03",3
"Dream Pickup","Action",20,20,73.80,"2005-08-22 02:20:44",6
"Quest Mussolini","Action",20,20,77.80,"2005-08-23 08:19:55",5
"Redemption Comforts","New",20,20,113.80,"2005-08-23 01:14:01",3
"Karate Moon","Horror",20,20,51.80,"2005-08-23 15:46:33",4
"Stepmom Dream","Foreign",19,19,99.81,"2005-08-22 22:12:02",7
"Congeniality Quest","Sports",19,19,31.81,"2005-08-22 23:54:14",6
"Driving Polish","Music",19,19,105.81,"2005-08-22 20:22:40",6
"Minds Truman","Action",19,19,144.81,"2005-08-22 14:27:46",3
"Open African","Sci-Fi",19,19,103.81,"2005-08-23 17:39:35",7
"Secret Groundhog","Documentary",19,19,105.81,"2005-08-22 20:27:38",6
"Shawshank Bubble","Travel",19,19,109.81,"2006-02-14 15:16:03",6
"Chocolat Harry","Family",19,19,49.81,"2005-08-20 09:07:39",5
"Suit Walls","Games",19,19,134.81,"2006-02-14 15:16:03",3
"Annie Identity","Sci-Fi",19,19,50.81,"2005-08-23 03:30:51",3
"Encino Elf","Games",19,19,27.81,"2006-02-14 15:16:03",6
"Sleuth Orient","Games",19,19,48.81,"2005-08-22 08:21:21",4
"Bear Graceland","Children",19,19,93.81,"2005-08-23 11:56:22",4
"Chariots Conspiracy","Sci-Fi",19,19,65.81,"2005-08-22 06:17:12",5
"Empire Malkovich","Children",19,19,26.81,"2005-08-20 19:03:25",7
"Desert Poseidon","Horror",19,19,118.81,"2005-08-23 18:40:41",4
"Dinosaur Secretary","Family",19,19,67.81,"2005-08-23 20:07:10",7
"Flatliners Killer","Sports",19,19,74.81,"2005-08-22 16:30:43",5
"Undefeated Dalmations","Horror",19,19,102.81,"2005-08-23 13:29:08",7
"Berets Agent","Action",19,19,72.80,"2006-02-14 15:16:03",5
"Prejudice Oleander","Classics",19,19,110.81,"2005-08-21 15:59:40",6
"Highball Potter","Foreign",19,19,27.81,"2005-08-23 02:48:24",6
"Canyon Stock","Animation",19,19,27.81,"2006-02-14 15:16:03",7
"Bringing Hysterical","Comedy",19,19,68.81,"2005-08-23 07:53:38",7
"Fireball Philadelphia","Comedy",19,19,57.81,"2005-08-22 19:41:37",4
"Chicken Hellfighters","Documentary",19,19,58.81,"2005-08-23 22:06:34",3
"Eagles Panky","New",19,19,134.81,"2006-02-14 15:16:03",4
"Christmas Moonshine","Children",19,19,26.81,"2005-08-22 11:56:02",7
"Flying Hook","Animation",19,19,77.81,"2006-02-14 15:16:03",6
"Seattle Expecations","Drama",19,19,125.80,"2006-02-14 15:16:03",4
"Rage Games","Family",19,19,119.81,"2005-08-23 21:02:43",4
"Fiction Christmas","Foreign",19,19,58.81,"2005-08-23 13:18:16",4
"Reign Gentlemen","Sci-Fi",19,19,105.81,"2005-08-23 13:43:26",3
"Vacation Boondock","Sci-Fi",19,19,89.81,"2005-08-23 11:40:30",4
"Fantasia Park","Games",19,19,73.81,"2005-08-23 22:12:44",5
"Chasing Fight","Family",19,19,105.82,"2006-02-14 15:16:03",7
"Sea Virgin","Drama",19,19,84.81,"2005-08-23 05:49:21",4
"Ghost Groundhog","Children",19,19,107.81,"2006-02-14 15:16:03",6
"Spice Sorority","Drama",19,19,106.81,"2005-08-23 03:01:56",5
"Masked Bubble","Music",19,19,24.81,"2005-08-23 11:30:32",6
"Resurrection Silverado","Family",19,19,24.81,"2005-08-22 06:46:59",6
"Jerk Paycheck","Classics",19,19,104.81,"2005-08-23 12:26:19",3
"Straight Hours","Sports",19,19,55.81,"2005-08-22 16:33:39",3
"Mourning Purple","Sci-Fi",19,19,39.81,"2005-08-22 19:54:52",5
"Chainsaw Uptown","Sci-Fi",19,19,31.81,"2005-08-23 15:37:31",6
"Dracula Crystal","Classics",19,19,22.81,"2005-08-23 20:29:56",7
"Tourist Pelican","Sports",19,19,126.81,"2005-08-21 12:48:48",4
"River Outlaw","Sports",19,19,56.82,"2006-02-14 15:16:03",4
"Brooklyn Desert","Foreign",19,19,106.81,"2005-08-22 03:20:26",7
"Intrigue Worst","Foreign",19,19,36.81,"2006-02-14 15:16:03",6
"Egg Igby","Documentary",19,19,98.81,"2005-08-22 07:19:05",4
"Sinners Atlantis","Horror",19,19,60.81,"2005-08-22 14:59:30",7
"Unbreakable Karate","New",19,19,76.81,"2005-08-22 18:48:48",3
"Hellfighters Sierra","Foreign",19,19,92.81,"2005-08-23 15:34:49",3
"Volcano Texas","Games",19,19,32.81,"2006-02-14 15:16:03",6
"American Circus","Action",19,19,146.81,"2006-02-14 15:16:03",3
"Cause Date","Documentary",19,19,114.81,"2005-08-23 16:23:08",3
"Agent Truman","Foreign",19,19,111.81,"2005-08-21 16:03:01",3
"Pacific Amistad","Documentary",19,19,43.81,"2005-08-23 02:25:09",3
"Details Packer","Games",18,18,128.82,"2006-02-14 15:16:03",4
"Falcon Volume","Animation",18,18,106.81,"2006-02-14 15:16:03",5
"Encounters Curtain","Drama",18,18,38.82,"2005-08-23 13:25:08",5
"Garden Island","Sci-Fi",18,18,134.82,"2005-08-23 10:23:28",3
"Wait Cider","Animation",18,18,73.82,"2005-08-23 14:07:56",3
"Sundance Invasion","Children",18,18,36.82,"2006-02-14 15:16:03",5
"Something Duck","Drama",18,18,120.82,"2005-08-20 17:24:45",4
"Pinocchio Simon","Comedy",18,18,119.82,"2005-08-23 21:30:45",4
"Jedi Beneath","Family",18,18,20.82,"2005-08-21 14:52:14",7
"Lebowski Soldiers","Drama",18,18,62.82,"2005-08-23 12:15:51",6
"Blues Instinct","Family",18,18,75.82,"2005-08-23 11:25:00",5
"Homicide Peach","Family",18,18,59.82,"2005-08-23 09:02:04",6
"Peak Forever","Sports",18,18,94.82,"2005-08-23 15:08:00",7
"Midsummer Groundhog","Documentary",18,18,129.82,"2005-08-21 19:59:30",3
"Requiem Tycoon","Classics",18,18,105.82,"2005-08-23 09:37:34",6
"Pirates Roxanne","Sports",18,18,45.81,"2006-02-14 15:16:03",4
"Insects Stone","Animation",18,18,36.81,"2006-02-14 15:16:03",3
"Doors President","Animation",18,18,118.82,"2006-02-14 15:16:03",3
"Secrets Paradise","Family",18,18,139.82,"2005-08-22 21:01:48",3
"Sleepy Japanese","New",18,18,76.83,"2006-02-14 15:16:03",4
"Paradise Sabrina","Comedy",18,18,79.82,"2005-08-22 02:13:51",5
"Interview Liaisons","New",18,18,110.82,"2005-08-22 03:42:12",4
"Novocaine Flight","Sports",18,18,49.82,"2005-08-22 23:06:25",4
"Disciple Mother","Travel",18,18,39.82,"2006-02-14 15:16:03",3
"Fidelity Devil","Horror",18,18,117.82,"2005-08-23 06:41:07",5
"Northwest Polish","Sports",18,18,77.82,"2005-08-23 20:12:17",5
"Anaconda Confessions","Animation",18,18,51.82,"2005-08-20 21:21:08",3
"Outbreak Divine","Games",18,18,31.82,"2005-08-23 10:22:21",6
"Hours Rage","New",18,18,44.82,"2005-08-22 16:49:02",4
"Outfield Massacre","Music",18,18,54.82,"2006-02-14 15:16:03",4
"Pond Seattle","Animation",18,18,61.82,"2005-08-22 11:09:18",7
"Patient Sister","Classics",18,18,21.82,"2005-08-23 19:10:32",7
"Independence Hotel","Documentary",18,18,34.82,"2005-08-22 17:48:10",5
"Inch Jet","Animation",18,18,95.82,"2005-08-23 09:53:30",6
"Tramp Others","Comedy",18,18,40.82,"2005-08-22 11:05:34",4
"Secretary Rouge","Sports",18,18,112.82,"2005-08-22 23:19:44",5
"Wonka Sea","Animation",18,18,66.82,"2005-08-23 16:07:15",6
"Bride Intrigue","Action",18,18,20.82,"2005-08-23 20:29:10",7
"Coast Rainbow","Documentary",18,18,37.82,"2005-08-23 10:00:24",4
"Calendar Gunfight","Foreign",18,18,123.82,"2005-08-23 00:49:24",4
"Reunion Witches","Drama",18,18,50.82,"2005-08-23 07:43:00",3
"Dalmations Sweden","Drama",18,18,54.82,"2005-08-21 23:09:32",4
"Bill Others","Documentary",18,18,63.82,"2005-08-23 19:50:06",6
"Room Roman","Animation",18,18,27.82,"2005-08-22 21:42:17",7
"League Hellfighters","Classics",17,17,105.83,"2005-08-21 23:17:26",5
"Club Graffiti","Animation",17,17,38.82,"2006-02-14 15:16:03",4
"Instinct Airport","Sports",17,17,69.83,"2005-08-23 15:41:12",4
"Sleepless Monsoon","Animation",17,17,103.83,"2006-02-14 15:16:03",5
"Fury Murder","Children",17,17,58.83,"2005-08-22 06:05:38",3
"Smoking Barbarella","Documentary",17,17,17.84,"2006-02-14 15:16:03",7
"Greek Everyone","Foreign",17,17,55.83,"2005-08-19 23:38:02",7
"Jet Neighbors","Foreign",17,17,92.83,"2005-08-23 19:19:06",7
"Flintstones Happiness","Comedy",17,17,134.83,"2005-08-22 23:08:46",3
"Rock Instinct","Horror",17,17,48.83,"2005-08-23 07:54:54",4
"Insider Arizona","Music",17,17,61.83,"2006-02-14 15:16:03",5
"Lion Uncut","Comedy",17,17,33.83,"2005-08-23 03:32:31",6
"Intentions Empire","Animation",17,17,78.83,"2006-02-14 15:16:03",3
"Poseidon Forever","Sports",17,17,100.83,"2005-08-23 20:22:17",6
"Vanishing Rocky","Music",17,17,80.83,"2006-02-14 15:16:03",3
"Neighbors Charade","Sports",17,17,62.83,"2005-08-21 23:40:28",3
"Barefoot Manchurian","Action",17,17,59.83,"2005-08-23 19:45:25",6
"Dawn Pond","Games",17,17,120.83,"2005-08-23 14:23:44",4
"Pollock Deliverance","Foreign",17,17,66.82,"2006-02-14 15:16:03",5
"Taxi Kick","Music",17,17,34.83,"2005-08-22 08:27:27",4
"Kick Savannah","Travel",17,17,48.83,"2006-02-14 15:16:03",3
"Mine Titans","New",17,17,138.83,"2005-08-23 20:20:23",3
"Cheaper Clyde","Sci-Fi",17,17,30.83,"2005-08-22 20:17:49",6
"Racer Egg","Drama",17,17,54.83,"2005-08-23 17:36:00",7
"Alone Trip","Music",17,17,61.83,"2006-02-14 15:16:03",3
"Weekend Personal","Sci-Fi",17,17,71.83,"2005-08-22 23:35:41",5
"National Story","Documentary",17,17,76.83,"2005-08-23 11:16:29",4
"Carol Texas","Animation",17,17,79.83,"2005-08-23 11:55:50",4
"Music Boondock","Family",17,17,20.83,"2005-08-23 16:17:09",7
"Kissing Dolls","Action",17,17,120.83,"2005-08-23 16:33:33",3
"Orient Closer","Drama",17,17,80.83,"2005-08-23 21:44:27",3
"Cider Desire","Documentary",17,17,56.83,"2005-08-23 11:16:16",7
"Campus Remember","Action",17,17,81.83,"2005-08-22 19:46:36",5
"Gorgeous Bingo","Children",17,17,94.83,"2006-02-14 15:16:03",4
"Remember Diary","Family",17,17,70.83,"2005-08-23 08:54:26",5
"Clones Pinocchio","Music",17,17,59.83,"2005-08-22 05:53:52",6
"Darn Forrester","Action",17,17,87.83,"2005-08-23 21:54:02",7
"Trojan Tomorrow","Sci-Fi",17,17,75.82,"2006-02-14 15:16:03",3
"Igby Maker","Travel",17,17,89.83,"2006-02-14 15:16:03",7
"Voice Peach","New",17,17,31.83,"2005-08-23 04:33:23",6
"Hunchback Impossible","Drama",17,17,115.83,"2006-02-14 15:16:03",4
"Roxanne Rebel","Games",17,17,29.83,"2005-08-23 09:01:10",5
"Forrest Sons","Action",17,17,83.83,"2005-08-23 15:47:02",4
"Gables Metropolis","Family",17,17,47.83,"2006-02-14 15:16:03",3
"Candidate Perdition","Classics",17,17,88.82,"2006-02-14 15:16:03",4
"Conversation Downhill","Family",17,17,114.83,"2006-02-14 15:16:03",4
"Million Ace","Classics",17,17,103.83,"2005-08-23 02:05:51",4
"Road Roxanne","Documentary",17,17,115.83,"2005-08-23 14:29:16",4
"Go Purple","Music",17,17,43.83,"2005-08-23 14:38:37",3
"Hope Tootsie","Classics",17,17,72.83,"2005-08-22 11:43:04",4
"Groove Fiction","Sports",17,17,40.83,"2005-08-21 12:47:53",6
"Doom Dancing","Comedy",17,17,58.83,"2005-08-22 19:08:49",4
"Mars Roman","Games",17,17,30.83,"2005-08-22 18:53:28",6
"Earring Instinct","Family",17,17,60.83,"2005-08-23 13:56:40",3
"Expecations Natural","Travel",17,17,101.83,"2005-08-22 09:33:08",5
"Birds Perdition","New",17,17,102.83,"2005-08-23 10:36:00",5
"Slacker Liaisons","Drama",16,16,86.84,"2005-08-23 13:18:46",7
"Enough Raging","Travel",16,16,51.84,"2006-02-14 15:16:03",7
"Backlash Undefeated","Children",16,16,140.84,"2005-08-23 15:15:02",3
"Casablanca Super","Travel",16,16,82.84,"2005-08-23 01:16:55",6
"Varsity Trip","New",16,16,48.84,"2006-02-14 15:16:03",7
"Jacket Frisco","Drama",16,16,71.84,"2005-08-21 07:09:27",5
"Sweden Shining","Comedy",16,16,101.83,"2006-02-14 15:16:03",6
"Jekyll Frogmen","New",16,16,78.84,"2005-08-23 20:53:20",4
"Paycheck Wait","Drama",16,16,101.84,"2005-08-23 16:50:53",4
"Command Darling","Foreign",16,16,107.84,"2005-08-22 02:57:04",5
"Satisfaction Confidential","Sports",16,16,122.84,"2005-08-22 21:05:50",3
"Reap Unfaithful","Horror",16,16,62.84,"2005-08-23 05:32:03",6
"Rouge Squad","Games",16,16,51.84,"2005-08-23 11:33:25",3
"Galaxy Sweethearts","Classics",16,16,105.84,"2005-08-22 23:17:41",4
"Midnight Westward","Action",16,16,38.84,"2006-02-14 15:16:03",3
"Scarface Bang","Children",16,16,106.84,"2006-02-14 15:16:03",3
"Driver Annie","Sports",16,16,62.84,"2006-02-14 15:16:03",4
"Waterfront Deliverance","Action",16,16,116.84,"2005-08-21 20:12:30",4
"Bull Shawshank","Action",16,16,21.84,"2006-02-14 15:16:03",6
"Lady Stage","Horror",16,16,113.84,"2006-02-14 15:16:03",4
"Joon Northwest","Sports",16,16,37.84,"2005-08-23 16:45:28",3
"Holocaust Highball","Children",16,16,23.84,"2005-08-22 21:36:51",6
"Perfect Groove","Comedy",16,16,53.84,"2005-08-23 21:37:59",7
"Gaslight Crusade","Horror",16,16,62.84,"2005-08-23 18:45:06",4
"Jericho Mulan","Games",16,16,95.84,"2005-08-23 18:20:56",3
"Core Suit","Classics",16,16,92.84,"2005-08-23 04:20:16",3
"Virgin Daisy","Drama",16,16,86.84,"2005-08-22 19:45:57",6
"Creatures Shakespeare","Games",16,16,56.84,"2006-02-14 15:16:03",3
"Confused Candles","Family",16,16,99.84,"2005-08-20 16:17:27",3
"Eyes Driving","Sci-Fi",16,16,68.84,"2005-08-21 22:21:49",4
"Coldblooded Darling","Sci-Fi",16,16,89.84,"2005-08-23 05:39:06",7
"Breakfast Goldfinger","New",16,16,104.84,"2005-08-23 18:59:33",5
"Homeward Cider","Documentary",16,16,23.84,"2005-08-21 13:07:24",5
"Boulevard Mob","New",16,16,56.84,"2006-02-14 15:16:03",3
"Mission Zoolander","Animation",16,16,110.84,"2005-08-22 04:51:42",3
"French Holiday","Documentary",16,16,94.84,"2005-08-22 09:54:54",5
"Hall Cassidy","Children",16,16,98.84,"2005-08-23 19:51:30",5
"Egypt Tenenbaums","Horror",16,16,66.84,"2005-08-22 18:39:11",3
"Cleopatra Devil","New",16,16,27.85,"2006-02-14 15:16:03",6
"Thief Pelican","Animation",16,16,97.84,"2005-08-22 14:23:11",5
"Moulin Wake","Travel",16,16,51.84,"2005-08-22 10:24:32",4
"Attacks Hate","Sci-Fi",16,16,101.84,"2005-08-23 04:48:12",5
"Unforgiven Zoolander","Sci-Fi",16,16,22.84,"2005-08-21 23:33:57",7
"Newton Labyrinth","Foreign",16,16,46.84,"2005-08-22 11:43:42",4
"Louisiana Harry","Family",16,16,28.84,"2005-08-23 08:29:53",5
"Honey Ties","Sports",16,16,59.84,"2005-08-23 02:45:21",3
"Factory Dragon","Travel",15,15,30.85,"2005-08-19 20:55:23",4
"Jade Bunch","Sports",15,15,53.85,"2005-08-23 15:30:48",6
"Airport Pollock","Horror",15,15,86.85,"2005-08-23 20:24:36",6
"Hanging Deep","Drama",15,15,92.85,"2005-08-20 23:42:31",5
"Holiday Games","Foreign",15,15,82.85,"2005-08-23 01:29:59",7
"Dying Maker","Comedy",15,15,83.85,"2005-08-21 16:52:03",5
"Hysterical Grail","Sports",15,15,87.85,"2005-08-21 07:29:05",5
"Silence Kane","Music",15,15,15.85,"2005-08-22 20:55:56",7
"Idaho Love","New",15,15,68.85,"2005-08-20 08:27:27",3
"Watch Tracy","Animation",15,15,33.85,"2005-08-22 17:48:28",5
"Bonnie Holocaust","Documentary",15,15,31.85,"2005-08-21 07:59:47",4
"Wizard Coldblooded","Music",15,15,90.85,"2005-08-23 10:32:52",4
"Whale Bikini","Foreign",15,15,113.85,"2005-08-23 20:08:18",4
"Airplane Sierra","Comedy",15,15,82.85,"2005-08-22 17:18:05",6
"Ferris Mother","Comedy",15,15,70.85,"2005-08-22 21:39:45",3
"Trap Guys","Foreign",15,15,119.85,"2005-08-22 23:48:56",3
"Noon Papi","Children",15,15,60.85,"2005-08-20 12:33:36",5
"Divine Resurrection","Games",15,15,64.85,"2006-02-14 15:16:03",4
"Comforts Rush","Travel",15,15,69.85,"2005-08-19 16:50:50",3
"Human Graffiti","Games",15,15,80.85,"2005-08-22 17:46:41",3
"Zoolander Fiction","Children",15,15,66.85,"2005-08-23 08:48:43",5
"United Pilot","Documentary",15,15,43.85,"2005-08-21 21:50:51",3
"Potter Connecticut","Animation",15,15,62.85,"2005-08-22 01:20:19",5
"Love Suicides","Horror",15,15,22.85,"2005-08-23 18:23:11",6
"Worst Banger","Action",15,15,66.85,"2005-08-23 01:13:52",4
"Chicago North","Games",15,15,84.85,"2005-08-21 22:12:45",6
"Sugar Wonka","Animation",15,15,93.85,"2005-08-23 03:03:53",3
"Patriot Roman","Action",15,15,52.85,"2005-08-22 16:40:21",6
"Sierra Divide","Sports",15,15,57.85,"2005-08-23 10:35:45",3
"Destiny Saturday","New",15,15,91.85,"2005-08-21 02:56:52",4
"Musketeers Wait","Classics",15,15,82.85,"2005-08-21 02:23:25",7
"Holes Brannigan","Sports",15,15,75.86,"2006-02-14 15:16:03",7
"Lawless Vision","Animation",15,15,76.86,"2006-02-14 15:16:03",6
"Pickup Driving","Sports",15,15,93.85,"2005-08-20 12:11:28",3
"Polish Brooklyn","Children",15,15,18.85,"2005-08-23 13:48:34",6
"Majestic Floats","Documentary",15,15,36.85,"2005-08-22 02:04:38",5
"Indian Love","Family",15,15,46.85,"2005-08-23 16:50:43",4
"Mermaid Insects","Sports",15,15,94.85,"2005-08-22 07:04:25",5
"Willow Tracy","Family",15,15,52.85,"2005-08-23 10:11:40",6
"Lust Lock","Action",15,15,74.82,"2006-02-14 15:16:03",3
"Rear Trading","Action",15,15,27.85,"2005-08-22 21:15:46",6
"Pure Runner","Comedy",15,15,89.85,"2006-02-14 15:16:03",3
"Heaven Freedom","Comedy",15,15,49.85,"2005-08-23 14:42:07",7
"Baked Cleopatra","Family",15,15,76.85,"2006-02-14 15:16:03",3
"Pride Alamo","Animation",15,15,17.85,"2006-02-14 15:16:03",6
"Mummy Creatures","Sports",15,15,55.85,"2006-02-14 15:16:03",3
"Steers Armageddon","Sports",15,15,85.85,"2005-08-22 23:11:59",6
"Cyclone Family","Foreign",14,14,43.87,"2006-02-14 15:16:03",7
"Impossible Prejudice","Foreign",14,14,74.86,"2005-08-22 15:57:38",7
"Cabin Flash","Children",14,14,39.86,"2005-08-21 15:57:25",4
"Searchers Wait","Comedy",14,14,75.86,"2005-08-20 21:26:55",3
"Troopers Metal","New",14,14,46.86,"2005-08-23 07:25:29",3
"Teen Apollo","Travel",14,14,109.86,"2005-08-21 03:32:03",3
"Pajama Jawbreaker","Classics",14,14,39.86,"2005-08-21 23:47:16",3
"Panther Reds","Sci-Fi",14,14,83.86,"2005-08-22 17:22:41",5
"Vietnam Smoochy","Drama",14,14,21.86,"2005-08-21 19:54:11",7
"Worker Tarzan","Travel",14,14,47.86,"2005-08-22 19:54:26",7
"Mask Peach","New",14,14,49.86,"2005-08-22 15:56:42",6
"Slipper Fidelity","Sports",14,14,24.86,"2005-08-20 05:59:05",5
"Caddyshack Jedi","Action",14,14,46.86,"2005-08-23 14:27:07",3
"Strangers Graffiti","Horror",14,14,104.86,"2005-08-23 11:17:26",4
"Splash Gump","Family",14,14,33.86,"2005-08-22 09:49:32",5
"Bikini Borrowers","Animation",14,14,79.86,"2005-08-22 20:03:46",7
"Circus Youth","Children",14,14,53.86,"2005-08-23 12:41:07",5
"Daisy Menagerie","Sci-Fi",14,14,85.86,"2005-08-22 18:21:04",5
"Monster Spartacus","Music",14,14,48.86,"2006-02-14 15:16:03",6
"Dragonfly Strangers","New",14,14,80.86,"2006-02-14 15:16:03",6
"Stampede Disturbing","Games",14,14,32.86,"2005-08-23 06:19:51",5
"Roots Remember","Classics",14,14,37.86,"2005-08-23 16:27:24",4
"Summer Scarface","Classics",14,14,32.86,"2006-02-14 15:16:03",5
"Craft Outfield","Drama",14,14,18.86,"2005-08-21 10:19:25",6
"Lock Rear","Travel",14,14,42.86,"2005-08-23 03:52:36",7
"West Lion","Drama",14,14,92.86,"2005-08-22 07:51:47",4
"Shanghai Tycoon","Travel",14,14,43.86,"2005-08-21 19:01:36",7
"Spirit Flintstones","Horror",14,14,14.86,"2005-08-20 23:18:54",7
"Beach Heartbreakers","Documentary",14,14,55.86,"2005-08-23 15:29:17",6
"Ship Wonderland","Documentary",14,14,44.86,"2005-08-22 01:35:37",5
"Words Hunter","Music",14,14,73.86,"2005-08-22 18:59:01",3
"Groundhog Uncut","Comedy",14,14,78.86,"2006-02-14 15:16:03",6
"Wanda Chamber","Games",14,14,76.86,"2006-02-14 15:16:03",7
"Gold River","Comedy",14,14,94.86,"2005-08-22 19:44:59",4
"Nemo Campus","Sci-Fi",14,14,59.86,"2005-08-23 03:03:40",5
"Siege Madre","Family",14,14,16.86,"2005-08-23 06:33:26",7
"Grinch Massage","Games",14,14,76.86,"2005-08-22 14:41:05",7
"Analyze Hoosiers","Horror",14,14,55.86,"2005-08-22 17:58:27",6
"Army Flintstones","Documentary",14,14,36.86,"2005-08-22 18:27:33",4
"Sagebrush Clueless","Documentary",14,14,83.86,"2005-08-23 12:43:30",4
"Sons Interview","Animation",14,14,75.85,"2006-02-14 15:16:03",3
"Manchurian Curtain","Family",14,14,59.86,"2005-08-23 21:10:24",5
"Artist Coldblooded","Sports",14,14,59.86,"2005-08-22 19:44:53",5
"Necklace Outbreak","Drama",14,14,36.86,"2005-08-23 09:35:34",3
"Tomatoes Hellfighters","Travel",14,14,19.86,"2005-08-21 14:11:19",6
"Image Princess","Sports",14,14,76.86,"2005-08-23 17:57:28",3
"Loser Hustler","Sports",14,14,83.86,"2005-08-23 01:25:30",5
"Outlaw Hanky","Travel",14,14,73.86,"2006-02-14 15:16:03",7
"Freaky Pocus","Music",14,14,43.86,"2005-08-22 18:57:39",7
"Pilot Hoosiers","Family",14,14,51.86,"2005-08-20 05:50:05",6
"Devil Desire","Action",14,14,78.86,"2006-02-14 15:16:03",6
"Motions Details","Horror",14,14,25.87,"2006-02-14 15:16:03",5
"Hanover Galaxy","Music",14,14,81.86,"2005-08-20 18:42:40",5
"Illusion Amelie","Foreign",13,13,34.87,"2005-08-23 22:42:48",4
"Hook Chariots","Animation",13,13,17.87,"2005-08-23 10:35:51",7
"Madre Gables","Games",13,13,47.87,"2005-08-23 11:15:20",7
"Pluto Oleander","New",13,13,73.87,"2005-08-21 13:52:54",5
"Model Fish","Children",13,13,76.87,"2005-08-21 17:30:17",4
"Virtual Spoilers","Family",13,13,105.87,"2005-08-23 13:22:56",3
"Wrath Mile","Documentary",13,13,22.87,"2005-08-22 20:31:38",5
"Lawrence Love","Action",13,13,15.87,"2005-08-23 21:45:02",7
"Lonely Elephant","Comedy",13,13,65.87,"2005-08-21 16:44:32",3
"Citizen Shrek","Sci-Fi",13,13,21.87,"2005-08-23 09:09:18",7
"Uncut Suicides","Music",13,13,42.87,"2005-08-23 05:04:33",7
"Memento Zoolander","Comedy",13,13,88.87,"2005-08-22 21:01:25",4
"Chamber Italian","Music",13,13,65.88,"2006-02-14 15:16:03",7
"Confessions Maguire","Drama",13,13,70.87,"2005-08-22 15:21:56",7
"Quills Bull","Documentary",13,13,77.87,"2005-08-23 08:51:21",4
"Jaws Harry","Comedy",13,13,59.87,"2005-08-21 12:07:25",4
"Donnie Alley","Animation",13,13,34.87,"2005-08-22 16:08:23",4
"Blindness Gun","Sci-Fi",13,13,71.87,"2005-08-23 09:41:28",6
"Saturn Name","Comedy",13,13,70.87,"2005-08-23 18:36:44",7
"Hollywood Anonymous","Children",13,13,13.87,"2005-08-21 01:10:29",7
"Nash Chocolat","Animation",13,13,58.87,"2005-08-22 06:19:37",6
"Charade Duffel","Sci-Fi",13,13,66.87,"2005-08-23 22:20:40",3
"Dances None","Action",13,13,28.87,"2006-02-14 15:16:03",3
"Madison Trap","Documentary",13,13,64.87,"2005-08-22 12:24:55",4
"Rings Heartbreakers","Action",13,13,31.87,"2005-08-23 02:55:42",5
"Shrunk Divine","Action",13,13,46.87,"2005-08-23 18:51:41",6
"Rules Human","Horror",13,13,78.87,"2005-08-22 06:53:21",6
"Jeepers Wedding","Classics",13,13,70.87,"2005-08-23 03:13:01",3
"Creepers Kane","Classics",13,13,77.87,"2005-08-23 01:15:07",5
"Labyrinth League","Children",13,13,41.87,"2005-08-22 21:41:40",6
"Gandhi Kwai","Family",13,13,16.87,"2005-08-22 05:07:17",7
"Shane Darkness","Travel",13,13,52.87,"2005-08-22 07:32:23",5
"Translation Summer","Drama",13,13,25.87,"2005-08-20 11:37:56",4
"Dude Blindness","Sports",13,13,90.87,"2005-08-23 07:10:22",3
"Deep Crusade","Documentary",13,13,75.87,"2006-02-14 15:16:03",6
"Peach Innocent","Sports",13,13,80.86,"2006-02-14 15:16:03",3
"Town Ark","Foreign",13,13,46.87,"2005-08-22 18:05:21",6
"Uprising Uptown","Action",13,13,45.87,"2005-08-23 16:54:09",6
"Personal Ladybugs","Music",13,13,43.87,"2005-08-22 15:30:25",3
"Conquerer Nuts","Drama",13,13,84.87,"2005-08-22 21:29:14",4
"Betrayed Rear","Children",13,13,79.87,"2005-08-21 04:29:11",5
"Tuxedo Mile","Sports",13,13,76.87,"2006-02-14 15:16:03",3
"Entrapment Satisfaction","Action",13,13,42.87,"2005-08-23 09:02:03",5
"Anonymous Human","Sports",13,13,17.87,"2005-08-20 00:18:15",7
"Rocky War","Drama",13,13,88.87,"2005-08-22 20:41:53",4
"Spinal Rocky","Family",13,13,39.87,"2005-08-23 09:38:17",7
"Dirty Ace","Games",13,13,47.87,"2005-08-21 18:35:44",7
"Edge Kissing","Drama",13,13,79.87,"2005-08-23 20:41:09",5
"Odds Boogie","Family",13,13,19.87,"2005-08-23 14:01:07",6
"Graduate Lord","Children",13,13,42.87,"2005-08-22 06:30:10",7
"Stock Glass","New",13,13,42.87,"2005-08-23 09:23:08",7
"Streak Ridgemont","Documentary",13,13,17.87,"2006-02-14 15:16:03",7
"Alley Evolution","Foreign",13,13,46.87,"2005-08-22 07:10:26",6
"Mother Oleander","Sports",13,13,63.87,"2005-08-23 15:59:51",3
"Boiled Dares","Travel",13,13,66.87,"2005-08-21 04:30:47",7
"Lovely Jingle","Classics",13,13,62.87,"2006-02-14 15:16:03",3
"Greedy Roots","Drama",13,13,14.87,"2005-08-23 18:01:31",7
"Notorious Reunion","Documentary",13,13,24.87,"2005-08-22 10:58:45",7
"Submarine Bed","Comedy",13,13,78.87,"2005-08-21 10:22:51",5
"Drums Dynamite","Horror",13,13,24.87,"2005-08-22 23:51:23",6
"Born Spinal","Travel",12,12,59.88,"2005-08-23 13:45:44",7
"Tenenbaums Command","Drama",12,12,19.88,"2005-08-22 21:13:51",4
"Home Pity","Music",12,12,66.88,"2005-08-21 09:39:50",7
"Dangerous Uptown","Foreign",12,12,66.88,"2005-08-23 10:32:52",7
"Flight Lies","Sports",12,12,68.88,"2005-08-21 02:14:03",7
"Valley Packer","Comedy",12,12,49.88,"2005-08-22 01:10:32",3
"Flash Wars","New",12,12,87.88,"2005-08-23 15:21:35",3
"Panky Submarine","Games",12,12,86.88,"2005-08-19 09:34:02",4
"Party Knock","Comedy",12,12,41.88,"2005-08-23 17:44:53",7
"Sorority Queen","Foreign",12,12,19.88,"2005-08-21 15:24:24",6
"War Notting","Foreign",12,12,65.88,"2005-08-23 00:11:52",7
"Spiking Element","Classics",12,12,38.88,"2005-08-22 13:03:52",7
"Express Lonely","Sci-Fi",12,12,42.88,"2005-08-23 16:22:20",5
"Minority Kiss","Music",12,12,27.89,"2006-02-14 15:16:03",4
"Scissorhands Slums","Foreign",12,12,42.88,"2005-08-22 05:59:59",5
"Smoochy Control","Sports",12,12,14.88,"2006-02-14 15:16:03",7
"Wasteland Divine","Classics",12,12,40.88,"2005-08-21 11:20:21",7
"Date Speed","Family",12,12,41.88,"2005-08-21 16:32:32",4
"Paris Weekend","Horror",12,12,40.88,"2005-08-23 07:23:29",7
"Forever Candidate","Children",12,12,40.88,"2005-08-23 19:35:42",7
"Day Unfaithful","New",12,12,93.88,"2006-02-14 15:16:03",3
"Robbery Bright","Family",12,12,32.88,"2005-08-21 21:27:24",4
"Past Suicides","Foreign",12,12,66.88,"2005-08-20 21:50:11",5
"Side Ark","Action",12,12,29.88,"2005-08-23 15:01:54",5
"Shrek License","Foreign",12,12,37.88,"2006-02-14 15:16:03",7
"Tootsie Pilot","Children",12,12,28.88,"2005-08-22 18:48:42",3
"Jungle Closer","New",12,12,23.88,"2005-08-19 04:27:05",6
"Raging Airplane","Sci-Fi",12,12,77.88,"2005-08-23 02:51:27",4
"Evolution Alter","Sports",12,12,26.88,"2005-08-20 20:07:15",5
"Bedazzled Married","Family",12,12,14.88,"2005-08-23 20:44:36",6
"Silverado Goldfinger","Sci-Fi",12,12,91.88,"2006-02-14 15:16:03",4
"Glass Dying","Action",12,12,35.88,"2005-08-23 15:58:05",4
"Bilko Anonymous","Family",12,12,94.88,"2005-08-23 14:55:47",3
"Kane Exorcist","Foreign",12,12,13.88,"2005-08-21 02:04:33",5
"Arabia Dogma","Horror",12,12,21.88,"2005-08-20 07:47:05",6
"Sassy Packer","Games",12,12,14.88,"2005-08-22 21:19:24",6
"Microcosmos Paradise","Children",12,12,43.88,"2005-08-23 22:14:31",6
"Modern Dorado","Documentary",12,12,42.88,"2005-08-23 14:31:50",3
"Tycoon Gathering","Games",12,12,103.88,"2005-08-23 06:18:43",3
"Identity Lover","Sci-Fi",12,12,56.88,"2005-08-21 13:55:39",4
"Hunting Musketeers","Family",12,12,40.88,"2005-08-23 16:18:25",6
"Games Bowfinger","Travel",12,12,62.88,"2005-08-23 02:33:27",7
"Turn Star","Animation",12,12,56.88,"2005-08-22 16:06:23",3
"Usual Untouchables","Foreign",12,12,65.88,"2005-08-23 16:08:15",5
"Bright Encounters","Drama",12,12,87.88,"2005-08-22 05:16:16",4
"Alabama Devil","Horror",12,12,71.88,"2005-08-23 14:26:51",3
"Exorcist Sting","Sports",12,12,49.88,"2005-08-21 09:49:28",6
"Hamlet Wisdom","Sci-Fi",12,12,39.88,"2005-08-20 10:31:01",7
"State Wasteland","Games",12,12,55.89,"2006-02-14 15:16:03",4
"Natural Stock","Family",12,12,31.88,"2005-08-23 11:02:00",4
"Werewolf Lola","Action",12,12,68.88,"2005-08-23 20:00:30",6
"Darkness War","Drama",12,12,45.88,"2005-08-22 00:40:49",6
"Purple Movie","Foreign",12,12,52.88,"2005-08-23 18:44:21",4
"Hunger Roof","Foreign",12,12,19.88,"2006-02-14 15:16:03",6
"Super Wyoming","Family",12,12,78.88,"2005-08-20 17:58:00",5
"Cincinatti Whisperer","Sci-Fi",11,11,71.89,"2006-02-14 15:16:03",5
"Frida Slipper","Foreign",11,11,40.90,"2006-02-14 15:16:03",6
"Wyoming Storm","New",11,11,61.89,"2005-08-23 18:31:40",6
"Saddle Antitrust","Comedy",11,11,32.89,"2005-08-23 19:46:39",7
"Reef Salute","Horror",11,11,23.89,"2005-08-22 16:32:23",5
"Gunfighter Mussolini","Sports",11,11,64.89,"2005-08-23 03:30:45",3
"Pittsburgh Hunchback","Family",11,11,83.89,"2005-08-22 06:37:43",4
"Behavior Runaway","Horror",11,11,87.89,"2005-08-22 06:46:03",3
"Daddy Pittsburgh","Comedy",11,11,63.89,"2005-08-22 01:17:16",5
"Rider Caddyshack","Sports",11,11,48.89,"2005-08-22 17:00:31",5
"African Egg","Family",11,11,47.89,"2006-02-14 15:16:03",6
"Dragon Squad","Action",11,11,27.89,"2005-08-23 18:28:09",4
"Twisted Pirates","Children",11,11,66.89,"2005-08-23 12:33:41",4
"Liberty Magnificent","Sports",11,11,67.89,"2005-08-23 06:03:31",3
"Everyone Craft","Foreign",11,11,22.89,"2005-08-23 22:24:39",4
"Opposite Necklace","Family",11,11,56.89,"2006-02-14 15:16:03",7
"Window Side","Travel",11,11,50.89,"2006-02-14 15:16:03",3
"Thin Sagebrush","Documentary",11,11,73.89,"2005-08-21 19:19:21",5
"Mosquito Armageddon","Sports",11,11,16.89,"2006-02-14 15:16:03",6
"Fugitive Maguire","Travel",11,11,56.89,"2005-08-23 13:33:46",7
"Anthem Luke","Comedy",11,11,63.89,"2005-08-22 22:37:34",5
"Speakeasy Date","Action",11,11,41.89,"2005-08-21 17:48:49",6
"Theory Mermaid","Animation",11,11,30.88,"2006-02-14 15:16:03",5
"California Birds","Sports",11,11,73.89,"2005-08-23 12:46:38",4
"Meet Chocolate","Foreign",11,11,56.89,"2005-08-23 20:44:10",3
"Loverboy Attacks","New",11,11,16.89,"2005-08-21 01:44:14",7
"Mulan Moon","Comedy",11,11,30.89,"2006-02-14 15:16:03",4
"Beethoven Exorcist","Drama",11,11,16.89,"2005-08-20 21:21:34",6
"Jingle Sagebrush","Classics",11,11,59.89,"2005-08-23 00:37:21",6
"Connecticut Tramp","Sci-Fi",11,11,75.89,"2005-08-22 06:23:54",4
"Adaptation Holes","Documentary",11,11,34.89,"2005-08-23 13:54:39",7
"Magnolia Forrester","Action",11,11,34.89,"2005-08-22 11:14:31",4
"Moonwalker Fool","Games",11,11,75.89,"2006-02-14 15:16:03",5
"Sweet Brotherhood","Travel",11,11,58.89,"2005-08-23 19:35:42",3
"Vampire Whale","New",11,11,69.89,"2005-08-22 01:52:26",4
"Bowfinger Gables","Horror",11,11,56.89,"2005-08-19 10:49:03",7
"Mile Mulan","Sports",11,11,33.89,"2005-08-21 13:22:48",4
"Monterey Labyrinth","Horror",11,11,19.89,"2005-08-22 07:16:45",6
"Birch Antitrust","Music",11,11,74.89,"2005-08-23 10:56:15",4
"Crow Grease","Action",11,11,14.89,"2005-08-23 07:31:10",6
"Massage Image","Animation",11,11,56.89,"2005-08-21 13:53:33",4
"Paths Control","Drama",10,10,81.90,"2005-08-23 16:18:12",3
"October Submarine","Classics",10,10,57.90,"2005-08-23 18:43:31",6
"Ending Crowds","New",10,10,17.90,"2005-08-21 19:09:40",6
"Beneath Rush","Children",10,10,16.90,"2005-08-20 09:21:08",6
"Savannah Town","Drama",10,10,22.90,"2005-08-22 06:07:52",5
"Breaking Home","New",10,10,41.90,"2005-08-19 10:15:19",4
"Finding Anaconda","Family",10,10,26.90,"2005-08-21 16:56:39",4
"Stone Fire","Travel",10,10,32.90,"2005-08-22 22:49:13",3
"Champion Flatliners","Animation",10,10,62.90,"2005-08-23 16:44:25",4
"Lord Arizona","Action",10,10,39.90,"2006-02-14 15:16:03",5
"Lost Bird","Foreign",10,10,50.90,"2005-08-21 06:21:24",4
"Element Freddy","Comedy",10,10,56.90,"2005-08-23 13:06:19",6
"Drumline Cyclone","Travel",10,10,36.90,"2005-08-21 07:56:39",3
"Spirited Casualties","Sci-Fi",10,10,18.90,"2005-08-23 06:21:20",5
"Prix Undefeated","Family",10,10,37.90,"2005-08-20 13:26:37",4
"Elephant Trojan","Horror",10,10,64.90,"2005-08-22 16:15:33",4
"Sensibility Rear","Family",10,10,52.90,"2005-08-21 14:57:03",7
"Gathering Calendar","Games",10,10,19.90,"2005-08-22 01:09:04",4
"Stranger Strangers","Children",10,10,65.90,"2005-08-20 15:18:20",3
"Wars Pluto","Documentary",10,10,42.90,"2005-08-22 10:34:39",5
"Jeopardy Encino","Classics",10,10,28.90,"2005-08-20 12:59:38",3
"Santa Paris","Children",10,10,29.90,"2005-08-23 20:20:37",7
"Mighty Luck","Documentary",10,10,31.90,"2005-08-23 08:09:11",7
"Valentine Vanishing","Travel",10,10,12.90,"2005-08-19 07:47:43",7
"Fiddler Lost","Sci-Fi",10,10,64.90,"2005-08-23 14:12:22",4
"Autumn Crow","Games",10,10,74.90,"2005-08-21 22:25:53",3
"Opus Ice","Foreign",10,10,60.90,"2005-08-22 06:10:53",5
"Hedwig Alter","Comedy",10,10,31.90,"2005-08-23 08:42:40",7
"Iron Moon","Classics",10,10,50.90,"2005-08-23 14:05:37",7
"Beast Hunchback","Classics",10,10,69.90,"2005-08-22 19:28:02",3
"Song Hedwig","Music",10,10,31.90,"2006-02-14 15:16:03",3
"Mob Duffel","Drama",10,10,27.90,"2005-08-23 22:50:12",4
"Stage World","Comedy",10,10,46.90,"2005-08-21 04:49:41",4
"Frogmen Breaking","Travel",10,10,16.90,"2005-08-19 15:25:48",5
"Darko Dorado","Action",10,10,72.90,"2005-08-23 11:32:35",3
"Temple Attraction","Horror",10,10,57.90,"2005-08-23 06:09:44",5
"Smile Earring","Travel",10,10,58.90,"2005-08-19 19:11:41",4
"Lucky Flying","Music",10,10,32.90,"2005-08-23 07:10:14",7
"Amelie Hellfighters","Music",10,10,67.90,"2005-08-23 12:07:51",4
"Uptown Young","Children",10,10,29.90,"2005-08-21 14:51:35",5
"Lambs Cincinatti","Games",10,10,57.90,"2005-08-22 15:53:32",6
"Blanket Beverly","Family",10,10,33.90,"2006-02-14 15:16:03",7
"Chisum Behavior","Family",10,10,50.90,"2005-08-20 08:57:28",5
"Right Cranes","Classics",10,10,52.90,"2005-08-21 06:39:08",7
"Potluck Mixed","Animation",10,10,43.90,"2005-08-23 06:48:47",3
"Maker Gables","Children",10,10,32.90,"2005-08-23 21:52:56",4
"Language Cowboy","Children",10,10,18.90,"2005-08-19 07:36:42",5
"Clockwork Paradise","Children",10,10,11.90,"2005-08-23 05:26:30",7
"Gilbert Pelican","Classics",9,9,17.91,"2005-08-23 20:28:44",7
"Oleander Clue","Music",9,9,24.91,"2005-08-22 10:00:04",5
"Jawbreaker Brooklyn","Music",9,9,10.91,"2005-08-21 19:05:23",5
"Run Pacific","New",9,9,42.91,"2005-08-22 08:52:53",3
"Wagon Jaws","Documentary",9,9,33.91,"2005-08-21 12:10:41",7
"Ties Hunger","Children",9,9,69.91,"2005-08-23 15:41:20",3
"Nuts Ties","New",9,9,53.91,"2005-08-23 18:43:22",5
"Maguire Apache","Family",9,9,33.91,"2005-08-22 12:38:20",6
"Ali Forever","Horror",9,9,54.91,"2006-02-14 15:16:03",4
"Kramer Chocolate","Sports",9,9,47.91,"2005-08-22 11:58:58",3
"Doubtfire Labyrinth","Foreign",9,9,52.91,"2005-08-21 00:44:34",5
"Bird Independence","Travel",9,9,53.91,"2005-08-23 22:13:04",6
"Rollercoaster Bringing","Horror",9,9,39.91,"2005-08-23 21:26:35",5
"Spartacus Cheaper","Family",9,9,60.91,"2005-08-21 08:40:21",4
"Reservoir Adaptation","Foreign",9,9,29.91,"2005-08-23 01:57:20",7
"Wisdom Worker","Comedy",9,9,29.91,"2005-08-21 03:40:40",3
"Montezuma Command","Action",9,9,11.91,"2005-08-23 14:35:10",6
"Mod Secretary","Documentary",9,9,48.91,"2005-08-21 09:16:40",6
"Lolita World","Family",9,9,45.91,"2005-08-23 21:13:39",4
"Birdcage Casper","Music",9,9,23.91,"2005-08-20 08:27:30",4
"Trainspotting Strangers","Comedy",9,9,46.91,"2005-08-23 19:22:36",7
"North Tequila","Documentary",9,9,51.91,"2005-08-23 14:06:19",4
"Monsoon Cause","Games",9,9,54.91,"2005-08-19 10:33:52",6
"Victory Academy","Sports",9,9,12.91,"2005-08-22 23:18:10",6
"Notting Speakeasy","Drama",9,9,12.91,"2005-08-22 05:38:32",7
"Towers Hurricane","Classics",9,9,10.91,"2005-08-18 02:37:07",7
"Feathers Metal","Games",9,9,31.91,"2005-08-21 17:33:18",3
"Random Go","Sci-Fi",9,9,31.91,"2005-08-20 23:47:54",6
"Bugsy Song","Foreign",9,9,45.91,"2005-08-21 16:03:27",4
"Vanilla Day","Games",9,9,52.91,"2005-08-21 12:47:38",7
"Lover Truman","Classics",9,9,54.91,"2005-08-21 15:44:23",3
"Superfly Trip","Travel",9,9,16.91,"2005-08-18 18:58:35",5
"Snatchers Montezuma","Classics",9,9,37.91,"2005-08-23 19:13:46",4
"Spoilers Hellfighters","Documentary",9,9,18.91,"2005-08-23 10:57:40",4
"Frisco Forrest","Sci-Fi",9,9,53.91,"2006-02-14 15:16:03",6
"Crazy Home","Comedy",9,9,26.91,"2005-08-22 13:20:28",7
"Won Dares","Music",9,9,28.91,"2005-08-23 01:44:43",7
"Cranes Reservoir","Sports",9,9,33.91,"2005-08-22 12:01:06",5
"Brannigan Sunrise","New",9,9,56.91,"2005-08-23 16:24:24",4
"Daughter Madigan","Children",9,9,69.91,"2005-08-23 00:46:52",3
"Grail Frankenstein","Action",8,8,40.92,"2006-02-14 15:16:03",4
"Reds Pocus","Music",8,8,47.92,"2005-08-23 21:04:51",7
"Platoon Instinct","New",8,8,40.92,"2005-08-21 10:16:27",6
"Tarzan Videotape","Horror",8,8,40.92,"2005-08-22 01:32:14",3
"Diary Panic","Drama",8,8,24.92,"2005-08-20 21:23:54",7
"Hotel Happiness","Foreign",8,8,41.92,"2005-08-22 19:23:58",6
"Hoosiers Birdcage","Foreign",8,8,41.92,"2005-08-18 00:14:03",3
"Halloween Nuts","Documentary",8,8,29.92,"2005-08-23 06:50:27",6
"Guys Falcon","Sci-Fi",8,8,52.92,"2005-08-22 04:31:50",4
"Pet Haunting","Foreign",8,8,26.92,"2005-08-22 08:43:50",3
"Godfather Diary","New",8,8,37.92,"2005-08-22 11:19:22",3
"Dares Pluto","Animation",8,8,26.92,"2005-08-18 08:07:45",7
"Wonderful Drop","Foreign",8,8,46.92,"2005-08-22 21:24:19",3
"Jumanji Blade","New",8,8,30.92,"2005-08-19 13:56:54",4
"Legend Jedi","Music",8,8,12.92,"2005-08-21 19:12:47",7
"Clyde Theory","New",8,8,23.92,"2005-08-23 17:49:26",4
"Casualties Encino","Action",8,8,61.92,"2005-08-21 14:47:09",3
"Anything Savannah","Horror",8,8,43.92,"2005-08-22 02:09:12",4
"Unfaithful Kill","Drama",8,8,26.92,"2005-08-22 09:03:44",7
"Destination Jerk","Drama",8,8,31.92,"2005-08-21 17:08:33",3
"Dwarfs Alter","Games",8,8,28.92,"2006-02-14 15:16:03",6
"Legally Secretary","Children",8,8,39.92,"2005-08-22 15:25:33",7
"Vertigo Northwest","Comedy",8,8,37.92,"2005-08-23 15:38:34",4
"Magnificent Chitty","Classics",8,8,54.92,"2005-08-19 19:35:13",3
"Madigan Dorado","Travel",8,8,48.92,"2005-08-23 01:45:07",5
"Gone Trouble","Drama",8,8,29.92,"2005-08-22 19:16:04",7
"Gosford Donnie","Action",8,8,48.92,"2005-08-22 07:35:31",5
"Chaplin License","New",8,8,23.92,"2005-08-20 16:02:28",7
"Speed Suit","Travel",8,8,44.92,"2005-08-20 14:42:34",7
"Shining Roses","Travel",8,8,22.92,"2005-08-23 15:05:59",4
"Drop Waterfront","Sports",8,8,43.92,"2005-08-22 10:39:51",6
"Miracle Virtual","Animation",8,8,41.92,"2005-08-18 15:15:44",3
"Chitty Lock","Drama",8,8,28.92,"2006-02-14 15:16:03",6
"Caribbean Liberty","Sports",8,8,66.92,"2005-08-23 00:05:57",3
"Runner Madigan","Music",8,8,14.92,"2005-08-19 11:33:20",6
"Life Twisted","Comedy",8,8,37.92,"2005-08-23 13:16:15",4
"Grosse Wonderful","Music",8,8,46.92,"2005-08-21 13:54:15",5
"King Evolution","Family",8,8,59.92,"2005-08-21 11:36:15",3
"Impact Aladdin","Music",8,8,18.92,"2005-08-18 03:37:31",6
"World Leathernecks","Horror",8,8,24.92,"2006-02-14 15:16:03",3
"Darling Breaking","Games",8,8,44.92,"2005-08-21 19:14:48",7
"Desire Alien","Animation",8,8,25.92,"2005-08-22 16:22:53",7
"Saints Bride","Drama",8,8,31.92,"2005-08-23 19:59:33",5
"Mystic Truman","Comedy",8,8,17.92,"2005-08-23 16:44:56",5
"Matrix Snowman","Foreign",8,8,40.92,"2005-08-21 09:20:03",6
"Hollow Jeopardy","Sci-Fi",8,8,39.92,"2005-08-22 11:49:16",7
"Dolls Rage","Sci-Fi",8,8,27.92,"2005-08-22 01:00:42",7
"Holy Tadpole","Classics",8,8,17.92,"2005-08-20 08:27:01",6
"Ballroom Mockingbird","Foreign",7,7,9.93,"2005-08-22 15:42:57",6
"Harold French","Drama",7,7,8.93,"2005-08-21 22:27:11",6
"Luck Opus","Drama",7,7,21.93,"2005-08-19 13:09:54",7
"Soldiers Evolution","Sci-Fi",7,7,36.93,"2005-08-20 14:06:33",7
"Baby Hall","Foreign",7,7,40.93,"2005-08-22 03:47:39",5
"Records Zorro","Sports",7,7,38.93,"2005-08-23 21:00:22",7
"Punk Divorce","Animation",7,7,41.93,"2005-08-20 16:51:18",6
"Fire Wolves","Games",7,7,39.93,"2005-08-20 19:19:30",5
"Sunset Racer","Family",7,7,11.93,"2005-08-23 09:40:04",6
"Antitrust Tomatoes","Action",7,7,27.93,"2005-08-21 01:31:25",5
"Maude Mod","Foreign",7,7,10.93,"2005-08-19 12:04:03",6
"Untouchables Sunrise","Documentary",7,7,28.93,"2005-08-20 16:37:35",5
"Panic Club","Horror",7,7,51.93,"2005-08-22 17:32:57",3
"Bulworth Commandments","Games",7,7,32.93,"2005-08-22 19:17:24",4
"Casper Dragonfly","Children",7,7,45.93,"2005-08-21 20:01:34",3
"Newsies Story","Documentary",7,7,22.93,"2005-08-23 10:04:17",4
"Cowboy Doom","Foreign",7,7,28.93,"2005-08-22 22:28:36",3
"Clue Grail","Music",7,7,40.93,"2005-08-18 22:11:37",6
"Magic Mallrats","Children",7,7,17.93,"2005-08-22 23:38:01",3
"Papi Necklace","Travel",7,7,27.93,"2005-08-17 17:16:42",3
"Intolerable Intentions","Documentary",7,7,39.93,"2005-08-19 03:38:32",6
"Eve Resurrection","New",7,7,40.93,"2005-08-18 19:36:05",5
"Ghostbusters Elf","Animation",7,7,8.93,"2005-08-23 13:24:57",7
"Zhivago Core","Horror",7,7,10.93,"2006-02-14 15:16:03",6
"Mulholland Beast","Foreign",7,7,21.93,"2006-02-14 15:16:03",7
"Rebel Airport","Music",7,7,6.93,"2005-08-23 01:59:14",7
"Luke Mummy","Animation",7,7,28.93,"2005-08-21 18:35:54",5
"Sense Greek","Sports",7,7,47.93,"2005-08-23 17:52:01",4
"Bang Kwai","Family",7,7,22.93,"2006-02-14 15:16:03",5
"Elizabeth Shane","Sports",7,7,36.93,"2005-08-21 14:51:52",7
"Lights Deer","Classics",7,7,7.93,"2005-08-18 13:42:14",7
"Crusade Honey","Sports",7,7,44.93,"2005-08-23 13:01:43",4
"Runaway Tenenbaums","New",7,7,11.93,"2005-08-21 06:18:22",6
"Blood Argonauts","Family",7,7,30.93,"2005-08-22 00:51:25",3
"Vanished Garden","New",7,7,14.94,"2006-02-14 15:16:03",5
"Soup Wisdom","Family",7,7,11.93,"2005-08-20 22:40:47",6
"Squad Fish","Sports",7,7,27.93,"2005-08-23 19:42:46",3
"Ace Goldfinger","Horror",7,7,52.93,"2006-02-14 15:16:03",3
"Young Language","Documentary",7,7,6.93,"2005-08-23 01:50:31",6
"Cassidy Wyoming","Travel",6,6,23.94,"2005-08-23 19:14:07",5
"Haunted Antitrust","Travel",6,6,31.94,"2006-02-14 15:16:03",6
"Terminator Club","Music",6,6,39.94,"2005-08-22 06:49:15",5
"Japanese Run","Horror",6,6,7.94,"2005-08-23 14:43:15",6
"Heavenly Gun","Music",6,6,32.94,"2005-08-19 09:48:52",5
"Rushmore Mermaid","Comedy",6,6,18.94,"2005-08-22 01:58:15",6
"Hawk Chill","Documentary",6,6,12.94,"2005-08-20 20:42:12",5
"Watership Frontier","Horror",6,6,13.94,"2005-08-22 11:48:19",6
"Vision Torque","Foreign",6,6,11.94,"2005-08-22 16:35:47",5
"Control Anthem","Comedy",6,6,31.94,"2005-08-22 17:47:40",7
"Bed Highball","Documentary",6,6,24.94,"2005-08-18 17:34:11",5
"License Weekend","Sci-Fi",6,6,17.94,"2005-08-20 05:10:39",7
"Happiness United","Foreign",6,6,22.94,"2006-02-14 15:16:03",6
"Ishtar Rocketeer","Animation",6,6,42.94,"2005-08-22 18:03:11",4
"Simon North","Horror",6,6,18.94,"2005-08-23 01:22:12",3
"President Bang","Family",6,6,35.94,"2005-08-21 08:33:42",6
"Early Home","Animation",6,6,36.94,"2005-08-21 17:57:26",6
"Comancheros Enemy","Children",6,6,9.94,"2005-08-23 22:25:26",5
"Pizza Jumanji","Games",6,6,25.94,"2005-08-21 06:20:14",4
"Stallion Sundance","Sci-Fi",6,6,7.94,"2005-08-23 07:13:43",5
"Cruelty Unforgiven","Classics",6,6,6.94,"2005-08-23 02:39:37",7
"Dozen Lion","Documentary",6,6,31.94,"2005-08-22 23:54:36",6
"Leathernecks Dwarfs","Travel",6,6,21.94,"2005-08-18 07:16:58",6
"Dumbo Lust","Family",6,6,13.94,"2005-08-23 05:55:22",5
"Clerks Angels","Documentary",6,6,45.94,"2005-08-21 04:49:48",3
"Killer Innocent","Family",6,6,21.94,"2005-08-19 23:37:52",7
"Desperate Trainspotting","Travel",6,6,31.94,"2005-08-22 00:34:17",7
"Wild Apollo","New",6,6,15.94,"2006-02-14 15:16:03",4
"Youth Kick","Music",6,6,16.94,"2005-08-18 17:31:36",4
"Sling Luke","Classics",6,6,14.94,"2005-08-18 20:20:59",5
"Extraordinary Conquerer","Classics",6,6,22.94,"2005-08-23 07:28:04",6
"Jersey Sassy","Children",6,6,39.94,"2005-08-18 23:21:50",6
"Bubble Grosse","Sports",6,6,35.94,"2006-02-14 15:16:03",4
"Lesson Cleopatra","Sports",6,6,22.94,"2005-08-23 03:58:02",3
"Texas Watch","Horror",6,6,5.94,"2005-08-21 21:02:22",7
"Menagerie Rushmore","Animation",6,6,18.94,"2005-08-23 01:38:48",7
"Italian African","Travel",6,6,38.94,"2005-08-23 16:19:14",3
"Warlock Werewolf","Children",6,6,21.94,"2005-08-19 13:12:28",6
"Treatment Jekyll","Drama",6,6,6.94,"2005-08-21 04:09:18",3
"Duffel Apocalypse","Documentary",6,6,5.94,"2005-08-21 00:21:29",5
"Ladybugs Armageddon","Games",6,6,17.94,"2005-08-22 04:15:48",4
"Elf Murder","Music",6,6,34.94,"2005-08-21 08:08:43",4
"Park Citizen","Action",6,6,48.94,"2005-08-20 20:26:53",3
"Graceland Dynamite","Sports",6,6,37.94,"2005-08-17 07:46:54",5
"School Jacket","Foreign",6,6,35.94,"2005-08-21 09:25:11",5
"Oklahoma Jumanji","New",6,6,5.94,"2005-08-23 03:44:30",7
"Tequila Past","Children",6,6,32.94,"2005-08-22 07:48:01",6
"Frontier Cabin","New",6,6,35.94,"2005-08-21 05:51:28",6
"Phantom Glory","New",6,6,21.94,"2005-08-19 05:11:47",6
"Full Flatliners","Children",5,5,16.95,"2005-08-21 13:32:38",6
"Private Drop","Games",5,5,26.95,"2005-08-19 23:48:23",7
"Doctor Grail","Children",5,5,23.95,"2005-08-20 19:04:40",4
"Apocalypse Flamingos","New",5,5,24.95,"2005-08-23 03:50:48",6
"Conspiracy Spirit","Classics",5,5,16.95,"2005-08-18 12:58:40",4
"Bunch Minds","Drama",5,5,25.95,"2005-08-21 16:05:11",4
"Hunter Alter","Documentary",5,5,24.95,"2005-08-23 16:44:31",5
"Mannequin Worst","New",5,5,23.95,"2005-08-22 17:49:35",3
"Divorce Shining","Sports",5,5,21.95,"2005-08-22 10:13:09",3
"Traffic Hobbit","Travel",5,5,24.95,"2005-08-21 16:24:45",5
"Braveheart Human","Family",5,5,16.95,"2005-08-20 16:05:11",7
"Informer Double","Foreign",5,5,27.95,"2005-08-22 16:26:53",4
"Seven Swarm","Games",5,5,30.95,"2005-08-23 04:28:25",4
"Duck Racer","Animation",5,5,20.95,"2005-08-23 07:50:46",4
"Mussolini Spoilers","Sports",5,5,15.95,"2005-08-19 20:53:43",6
"Fever Empire","Games",5,5,33.95,"2005-08-18 15:32:57",5
"Freedom Cleopatra","Comedy",5,5,5.95,"2005-08-21 12:48:08",5
"Glory Tracy","Games",5,5,14.95,"2005-08-23 04:33:39",7
"Connection Microcosmos","Comedy",5,5,8.95,"2006-02-14 15:16:03",6
"Mixed Doors","Foreign",4,4,15.96,"2005-08-21 18:34:21",6
"Train Bunch","Horror",4,4,24.96,"2005-08-23 21:56:04",3
"Hardly Robbers","Documentary",4,4,15.96,"2005-08-22 20:44:06",7
